path,class,migration_status,size
".bluesky_orchestrator_state.json","F","EXCLUDED_TOOL_OR_GENERATED",881
".gitattributes","B","REVIEW",66
".github/workflows/ai-runtime-continuity.yml","F","EXCLUDED_TOOL_OR_GENERATED",1432
".github/workflows/architecture-validation.yml","F","EXCLUDED_TOOL_OR_GENERATED",2249
".github/workflows/autopilot-adapter.yml","F","EXCLUDED_TOOL_OR_GENERATED",5304
".github/workflows/bluesky-pro-hmi.yml","F","EXCLUDED_TOOL_OR_GENERATED",1038
".github/workflows/c2-channel-manager.yml","F","EXCLUDED_TOOL_OR_GENERATED",944
".github/workflows/external-agent-policy.yml","F","EXCLUDED_TOOL_OR_GENERATED",1418
".github/workflows/journal-service-ci.yml","F","EXCLUDED_TOOL_OR_GENERATED",1068
".github/workflows/normalized-telemetry-state.yml","F","EXCLUDED_TOOL_OR_GENERATED",628
".github/workflows/operational-orchestrator-authority.yml","F","EXCLUDED_TOOL_OR_GENERATED",655
".github/workflows/operational-orchestrator-core.yml","F","EXCLUDED_TOOL_OR_GENERATED",637
".github/workflows/operational-orchestrator-decision-evidence.yml","F","EXCLUDED_TOOL_OR_GENERATED",660
".github/workflows/operational-orchestrator-decision-pipeline.yml","F","EXCLUDED_TOOL_OR_GENERATED",660
".github/workflows/operational-orchestrator-mission-adaptation.yml","F","EXCLUDED_TOOL_OR_GENERATED",662
".github/workflows/operational-orchestrator-next-action.yml","F","EXCLUDED_TOOL_OR_GENERATED",648
".github/workflows/operational-orchestrator-readiness.yml","F","EXCLUDED_TOOL_OR_GENERATED",647
".github/workflows/operational-orchestrator-runtime-context.yml","F","EXCLUDED_TOOL_OR_GENERATED",656
".github/workflows/operational-orchestrator-validation.yml","F","EXCLUDED_TOOL_OR_GENERATED",3206
".github/workflows/planning-benchmark.yml","F","EXCLUDED_TOOL_OR_GENERATED",1122
".gitignore","B","REVIEW",330
".obsidian/app.json","F","EXCLUDED_TOOL_OR_GENERATED",2
".obsidian/appearance.json","F","EXCLUDED_TOOL_OR_GENERATED",60
".obsidian/community-plugins.json","F","EXCLUDED_TOOL_OR_GENERATED",20
".obsidian/core-plugins.json","F","EXCLUDED_TOOL_OR_GENERATED",696
".obsidian/graph.json","F","EXCLUDED_TOOL_OR_GENERATED",511
".obsidian/plugins/obsidian-git/data.json","F","EXCLUDED_TOOL_OR_GENERATED",1856
".obsidian/plugins/obsidian-git/main.js","F","EXCLUDED_TOOL_OR_GENERATED",727735
".obsidian/plugins/obsidian-git/manifest.json","F","EXCLUDED_TOOL_OR_GENERATED",325
".obsidian/plugins/obsidian-git/styles.css","F","EXCLUDED_TOOL_OR_GENERATED",18303
".obsidian/themes/GitHub Theme/manifest.json","F","EXCLUDED_TOOL_OR_GENERATED",148
".obsidian/themes/GitHub Theme/theme.css","F","EXCLUDED_TOOL_OR_GENERATED",40374
".obsidian/themes/Obsidianite/manifest.json","F","EXCLUDED_TOOL_OR_GENERATED",151
".obsidian/themes/Obsidianite/theme.css","F","EXCLUDED_TOOL_OR_GENERATED",34286
".obsidian/themes/Ono Sendai/manifest.json","F","EXCLUDED_TOOL_OR_GENERATED",111
".obsidian/themes/Ono Sendai/theme.css","F","EXCLUDED_TOOL_OR_GENERATED",67417
".obsidian/themes/Vauxhall/manifest.json","F","EXCLUDED_TOOL_OR_GENERATED",141
".obsidian/themes/Vauxhall/theme.css","F","EXCLUDED_TOOL_OR_GENERATED",11322
".obsidian/workspace.json","F","EXCLUDED_TOOL_OR_GENERATED",7770
"00_HOME/OBSIDIAN_REBUILD_INDEX.md","A","IMPORTED_SOURCE",631
"00_HOME/Relationship_Model.md","A","IMPORTED_SOURCE",729
"00_HOME/Traceability_Health.md","A","IMPORTED_SOURCE",593
"00_MASTER/BLUESKY_PRODUCT_LIFECYCLE_MASTER_PLAN.md","A","IMPORTED_SOURCE",24804
"00_PROJECT/BLUE_SKY_PRO_WORKING_RULES.md","B","REVIEW",17487
"00_PROJECT/CHANGE_AND_PROBLEM_PROCESS.md","B","REVIEW",2282
"00_PROJECT/CHANGE_AND_PROBLEM_REGISTER.md","B","REVIEW",1332
"00_PROJECT/CONFIGURATION/CONFIGURATION_A_APPLICABILITY_MATRIX.md","B","REVIEW",16114
"00_PROJECT/CONFIGURATION/CONFIGURATION_BASELINE.md","B","REVIEW",8714
"00_PROJECT/CONFIGURATION/CONFIGURATION_ITEM_REGISTER.md","B","REVIEW",1373
"00_PROJECT/EXTERNAL_ORCHESTRATOR/README.md","B","REVIEW",2406
"00_PROJECT/EXTERNAL_ORCHESTRATOR/agent_adapter.ps1","B","REVIEW",4268
"00_PROJECT/EXTERNAL_ORCHESTRATOR/bluesky_orchestrator.py","G","CODE_REVIEW_REQUIRED",15709
"00_PROJECT/EXTERNAL_ORCHESTRATOR/config.example.json","B","REVIEW",235
"00_PROJECT/EXTERNAL_ORCHESTRATOR/run_orchestrator.ps1","B","REVIEW",672
"00_PROJECT/GITHUB_DEVELOPMENT_PROTOCOL.md","B","REVIEW",10654
"00_PROJECT/GOVERNANCE/BLUE_SKY_DECISIONS_LOG.md","B","REVIEW",4459
"00_PROJECT/GOVERNANCE/BLUE_SKY_DOCUMENT_CONTROL_MAP.md","B","REVIEW",2833
"00_PROJECT/GOVERNANCE/BLUE_SKY_PROJECT_STATE.md","B","REVIEW",19591
"00_PROJECT/GOVERNANCE/BLUE_SKY_WORK_PLAN.md","B","REVIEW",14101
"00_PROJECT/GOVERNANCE/CHANGELOG.md","B","REVIEW",317
"00_PROJECT/GOVERNANCE/CHANGE_AND_PROBLEM_PROCESS.md","B","REVIEW",8232
"00_PROJECT/GOVERNANCE/DECISIONS.md","B","REVIEW",190
"00_PROJECT/GOVERNANCE/DOCUMENT_CONTROL_AND_BASELINE_PROCESS.md","B","REVIEW",15997
"00_PROJECT/GOVERNANCE/MASTER_DOCUMENT_INDEX.md","B","REVIEW",15691
"00_PROJECT/GOVERNANCE/PROJECT_RULES.md","B","REVIEW",13070
"00_PROJECT/GOVERNANCE/PROJECT_WORK_ORDER.md","B","REVIEW",9791
"00_PROJECT/GOVERNANCE/SOURCE_INDEX.md","B","REVIEW",15753
"00_PROJECT/GOVERNANCE/TERMINOLOGY.md","B","REVIEW",249
"00_PROJECT/KNOWLEDGE/NAVIGATION_KNOWLEDGE_REVIEW_001.md","B","REVIEW",10531
"00_PROJECT/KNOWLEDGE/PROJECT_KNOWLEDGE_BASE.md","B","REVIEW",2521
"00_PROJECT/VIDEO_REVIEW/BLUESKY_PRO_VIDEO_IMPROVEMENT_REGISTER.md","B","REVIEW",20620
"00_PROJECT/Самолетовождение_Черный_Кораблин_1973_KNOWLEDGE_BASE.md","B","REVIEW",17520
"01_ARCHITECTURE/ARCH-025.md","A","IMPORTED_SOURCE",7675
"01_ARCHITECTURE/ARCH-026.md","A","IMPORTED_SOURCE",6478
"01_ARCHITECTURE/ARCH-027.md","A","IMPORTED_SOURCE",7247
"01_ARCHITECTURE/ARCH-028.md","A","IMPORTED_SOURCE",10848
"01_ARCHITECTURE/ARCH-029.md","A","IMPORTED_SOURCE",17416
"01_ARCHITECTURE/ARCH-030.md","A","IMPORTED_SOURCE",14292
"01_NORMATIVE/01_Documents/NORM-DO-178C.md","A","IMPORTED_SOURCE",475
"01_NORMATIVE/01_Documents/NORM-GOST-R-59517-2021.md","A","IMPORTED_SOURCE",915
"01_NORMATIVE/02_Requirements/NORM-REQ-001.md","A","IMPORTED_SOURCE",735
"01_NORMATIVE/02_Requirements/NORM-REQ-002.md","A","IMPORTED_SOURCE",888
"01_NORMATIVE/02_Requirements/NORM-REQ-004.md","A","IMPORTED_SOURCE",3361
"01_REQUIREMENTS/BLUESKY_REQUIREMENTS_TRACEABILITY_MASTER.md","A","IMPORTED_SOURCE",12503
"01_REQUIREMENTS/BLUESKY_SYSTEM_REQUIREMENTS_BASELINE.md","A","IMPORTED_SOURCE",10582
"01_REQUIREMENTS/COMPLIANCE/COMPLIANCE_MATRIX.md","A","IMPORTED_SOURCE",14347
"01_REQUIREMENTS/INTEROPERABILITY/EXTERNAL_INTEGRATION_COVERAGE_001.md","A","IMPORTED_SOURCE",5377
"01_REQUIREMENTS/INTEROPERABILITY/KML_IMPORT_REQUIREMENTS_001.md","A","IMPORTED_SOURCE",3059
"01_REQUIREMENTS/REGULATORY/C2/C2_CLAUSE_LEVEL_MAPPING_001.md","A","IMPORTED_SOURCE",15169
"01_REQUIREMENTS/REGULATORY/C2/C2_GAP_CLOSURE_PASS_001.md","A","IMPORTED_SOURCE",4486
"01_REQUIREMENTS/REGULATORY/C2/C2_REGULATORY_REQUIREMENTS_BASELINE_001.md","A","IMPORTED_SOURCE",5921
"01_REQUIREMENTS/REGULATORY/C2/C2_TEXT_RECONCILIATION_001.md","A","IMPORTED_SOURCE",8289
"01_REQUIREMENTS/REGULATORY/EXTERNAL_REGULATORY_INTERFACE_ALLOCATION_001.md","A","IMPORTED_SOURCE",9609
"01_REQUIREMENTS/REGULATORY/REGULATORY_CLAUSE_MAPPING_001.md","A","IMPORTED_SOURCE",10200
"01_REQUIREMENTS/REGULATORY/REGULATORY_KNOWLEDGE_BASE.md","A","IMPORTED_SOURCE",11269
"01_REQUIREMENTS/REGULATORY/REGULATORY_SOURCE_REGISTER.md","A","IMPORTED_SOURCE",16563
"01_REQUIREMENTS/SAFETY/C2/C2_SAFETY_ALLOCATION_001.md","A","IMPORTED_SOURCE",3573
"01_REQUIREMENTS/SAFETY/HAZARD_LOG.md","A","IMPORTED_SOURCE",9231
"01_REQUIREMENTS/SAFETY/SAFETY_CASE.md","A","IMPORTED_SOURCE",9852
"01_REQUIREMENTS/SAFETY/SAFETY_REQUIREMENTS_BASELINE.md","A","IMPORTED_SOURCE",10367
"01_REQUIREMENTS/SYSTEM/C2/C2_REQUIREMENTS_RECONCILIATION_001.md","A","IMPORTED_SOURCE",7746
"01_REQUIREMENTS/SYSTEM/C2/C2_SYSTEM_REQUIREMENTS_BASELINE_001.md","A","IMPORTED_SOURCE",6741
"01_REQUIREMENTS/SYSTEM/C2/C2_TRACEABILITY_DECISION_001.md","A","IMPORTED_SOURCE",2710
"01_REQUIREMENTS/SYSTEM/C2/MASTER_REQUIREMENTS_REGISTER_C2_ALLOCATION_001.md","A","IMPORTED_SOURCE",5371
"01_REQUIREMENTS/SYSTEM/MASTER_REQUIREMENTS_REGISTER.md","A","IMPORTED_SOURCE",14764
"01_REQUIREMENTS/SYSTEM/PRACTICAL_FLIGHT_PLANNING_INTEROPERABILITY_REQUIREMENTS_001.md","A","IMPORTED_SOURCE",15160
"01_REQUIREMENTS/SYSTEM/REQUIREMENTS_INVENTORY.csv","A","IMPORTED_SOURCE",23393
"01_REQUIREMENTS/SYSTEM/REQUIREMENTS_INVENTORY.md","A","IMPORTED_SOURCE",43792
"01_REQUIREMENTS/SYSTEM/SYSTEM_REQUIREMENTS_SPECIFICATION.md","A","CANDIDATE",13809
"01_REQUIREMENTS/TRACEABILITY/C2/C2_TRACEABILITY_BASELINE_001.md","A","IMPORTED_SOURCE",5077
"01_REQUIREMENTS/TRACEABILITY/CONTROLLED_WORDING_RECONCILIATION_001.md","A","IMPORTED_SOURCE",17255
"01_REQUIREMENTS/TRACEABILITY/NAVIGATION_CRB_SYSREQ_CONTENT_RECONCILIATION_001.md","A","IMPORTED_SOURCE",5638
"01_REQUIREMENTS/TRACEABILITY/NAVIGATION_CRB_SYSREQ_TRACEABILITY_CLOSURE_PASS_001.md","A","IMPORTED_SOURCE",3278
"01_REQUIREMENTS/TRACEABILITY/NAVIGATION_REQUIREMENT_AUDIT_PASS_002.md","A","IMPORTED_SOURCE",7250
"01_REQUIREMENTS/TRACEABILITY/NAVIGATION_REQUIREMENT_AUDIT_PASS_003.md","A","IMPORTED_SOURCE",5249
"01_REQUIREMENTS/TRACEABILITY/NAVIGATION_REQUIREMENT_RECONCILIATION_PASS_001.md","A","IMPORTED_SOURCE",6172
"01_REQUIREMENTS/TRACEABILITY/NAVIGATION_REQUIREMENT_SOURCE_RECONCILIATION_001.md","A","IMPORTED_SOURCE",5815
"01_REQUIREMENTS/TRACEABILITY/NAVIGATION_REQUIREMENT_SOURCE_RECONCILIATION_002.md","A","IMPORTED_SOURCE",7686
"01_REQUIREMENTS/TRACEABILITY/NAVIGATION_SYSREQ_CONTENT_RECONCILIATION_PASS_002.md","A","IMPORTED_SOURCE",5036
"01_REQUIREMENTS/TRACEABILITY/NAVIGATION_SYSREQ_CONTENT_RECONCILIATION_PASS_003.md","A","IMPORTED_SOURCE",6333
"01_REQUIREMENTS/TRACEABILITY/NAVIGATION_SYSREQ_RECONCILIATION_PASS_001.md","A","IMPORTED_SOURCE",5076
"01_REQUIREMENTS/TRACEABILITY/NAVIGATION_TRACEABILITY_CLOSURE_STATUS_001.md","A","IMPORTED_SOURCE",6964
"01_REQUIREMENTS/TRACEABILITY/NAVIGATION_VERIFICATION_TRACEABILITY_CLOSURE_PASS_001.md","A","IMPORTED_SOURCE",2443
"01_REQUIREMENTS/TRACEABILITY/REQUIREMENTS_CONSOLIDATION_REPORT.md","A","IMPORTED_SOURCE",13844
"01_REQUIREMENTS/TRACEABILITY/REQUIREMENTS_INVENTORY_PATH_RECONCILIATION_001.md","A","IMPORTED_SOURCE",2874
"01_REQUIREMENTS/TRACEABILITY/REQUIREMENTS_RECONCILIATION.csv","A","IMPORTED_SOURCE",3965
"01_REQUIREMENTS/TRACEABILITY/REQUIREMENTS_RECONCILIATION.md","A","IMPORTED_SOURCE",9708
"01_REQUIREMENTS/TRACEABILITY/REQUIREMENTS_RECONCILIATION_DECISION.md","A","IMPORTED_SOURCE",4322
"01_REQUIREMENTS/TRACEABILITY/REQUIREMENTS_TRACEABILITY_MATRIX.md","A","IMPORTED_SOURCE",12125
"01_REQUIREMENTS/TRACEABILITY/REQ_ALLOCATION_AUDIT_001.md","A","IMPORTED_SOURCE",6725
"01_REQUIREMENTS/TRACEABILITY/REQ_ALLOCATION_AUDIT_002.md","A","IMPORTED_SOURCE",5737
"01_REQUIREMENTS/TRACEABILITY/TRACEABILITY_CLOSURE_PASS_002.md","A","IMPORTED_SOURCE",10954
"01_REQUIREMENTS/TRACEABILITY/TRACEABILITY_CLOSURE_PASS_004.md","A","IMPORTED_SOURCE",7939
"01_REQUIREMENTS/TRACEABILITY/TRACEABILITY_CLOSURE_STATUS_004.md","A","IMPORTED_SOURCE",2322
"02_ARCHITECTURE/ADMINISTRATOR/ADMINISTRATOR_DATA_INTEGRATION_ACCESS_MODEL_001.md","A","CANDIDATE",7178
"02_ARCHITECTURE/ADMINISTRATOR/ADMINISTRATOR_ENGINEER_TECHNICIAN_ACCESS_RULE_002.md","A","CANDIDATE",3788
"02_ARCHITECTURE/ADMINISTRATOR/ADMINISTRATOR_ENGINEER_TECHNICIAN_ACCESS_RULE_003.md","A","CANDIDATE",3765
"02_ARCHITECTURE/ADMINISTRATOR/ADMINISTRATOR_ENGINEER_TECHNICIAN_AUTHORITY_MODEL_001.md","A","CANDIDATE",6547
"02_ARCHITECTURE/ADMINISTRATOR/ADMINISTRATOR_MENU_AND_ROLE_MODEL_001.md","A","CANDIDATE",8077
"02_ARCHITECTURE/ADMINISTRATOR/ADMINISTRATOR_MENU_STRUCTURE_001.md","A","CANDIDATE",6860
"02_ARCHITECTURE/ADMINISTRATOR/ADMINISTRATOR_ROLE_CATALOG_001.md","A","CANDIDATE",7785
"02_ARCHITECTURE/ADMINISTRATOR/ADMINISTRATOR_USERS_ROLES_CAPABILITIES_001.md","A","CANDIDATE",5741
"02_ARCHITECTURE/ADMINISTRATOR/ADMINISTRATOR_USER_ROLE_ASSIGNMENT_UI_001.md","A","CANDIDATE",4970
"02_ARCHITECTURE/ARCH-OPS-015_P0_DEPENDENCY_AUDIT.md","A","CANDIDATE",3357
"02_ARCHITECTURE/ATM_REGULATORY/BLUESKY_ATM_REGULATORY_INTEGRATION_BASELINE.md","A","CANDIDATE",8562
"02_ARCHITECTURE/BLUESKY_ARCHITECTURE_GAP_MATRIX.md","A","CANDIDATE",8748
"02_ARCHITECTURE/BLUESKY_END_TO_END_OPERATIONAL_LIFECYCLE_BASELINE.md","A","CANDIDATE",17395
"02_ARCHITECTURE/BLUESKY_INTELLIGENCE_EVOLUTION_ARCHITECTURE.md","A","CANDIDATE",12374
"02_ARCHITECTURE/BLUESKY_MISSION_MODEL.md","A","CANDIDATE",5723
"02_ARCHITECTURE/BLUESKY_MISSION_OBJECTIVE_PROFILES.md","A","CANDIDATE",6076
"02_ARCHITECTURE/BLUESKY_MISSION_OBJECTIVE_PROFILES_IMPLEMENTATION_BASELINE_001.md","A","CANDIDATE",1538
"02_ARCHITECTURE/BLUESKY_OPERATIONAL_ORCHESTRATOR_ENERGY_POLICY_BASELINE.md","A","CANDIDATE",12659
"02_ARCHITECTURE/BLUESKY_SYSTEM_DATA_MODEL_BASELINE.md","A","CANDIDATE",8137
"02_ARCHITECTURE/BLUESKY_VEHICLE_EQUIPMENT_CAPABILITY_MODEL.md","A","CANDIDATE",5217
"02_ARCHITECTURE/C2/BLUESKY_C2_RUNTIME_AND_CHANNEL_MANAGEMENT_BASELINE.md","A","CANDIDATE",6064
"02_ARCHITECTURE/ENGINEER/ENGINEER_MENU_BASELINE_001.md","A","CANDIDATE",7654
"02_ARCHITECTURE/ENGINEER/ENGINEER_TECHNICIAN_ASSIGNMENT_AND_AUTHORIZATION_001.md","A","CANDIDATE",8749
"02_ARCHITECTURE/ENGINEER/FLEET_STATE_ENGINEER_VIEW_001.md","A","CANDIDATE",3958
"02_ARCHITECTURE/EXTERNAL_INTEGRATION/ARCH-OPS-019_P0_COMMAND_LIFECYCLE_RUNTIME.md","A","CANDIDATE",1931
"02_ARCHITECTURE/EXTERNAL_INTEGRATION/ARCH-OPS-020_P0_MISSION_TRANSFER_RUNTIME.md","A","CANDIDATE",1477
"02_ARCHITECTURE/EXTERNAL_INTEGRATION/ARCH-OPS-021_P0_PARAMETER_RUNTIME.md","A","CANDIDATE",1943
"02_ARCHITECTURE/EXTERNAL_INTEGRATION/ARCH-OPS-022_P0_VEHICLE_STATE_MAPPING.md","A","CANDIDATE",1023
"02_ARCHITECTURE/EXTERNAL_INTEGRATION/ARCH-OPS-023_P0_MAVLINK_TYPED_TELEMETRY.md","A","CANDIDATE",1808
"02_ARCHITECTURE/EXTERNAL_INTEGRATION/ARCH-OPS-024_P0_MAVLINK_DECODER_BOUNDARY.md","A","CANDIDATE",2733
"02_ARCHITECTURE/EXTERNAL_INTEGRATION/ARCH-OPS-025_P0_MAVLINK_REPLAY_ASSEMBLY.md","A","CANDIDATE",1869
"02_ARCHITECTURE/EXTERNAL_INTEGRATION/ARCH-OPS-026_P0_RECORDED_MAVLINK_STREAM.md","A","CANDIDATE",1539
"02_ARCHITECTURE/EXTERNAL_INTEGRATION/ARCH-OPS-027_P0_RAW_MAVLINK_DECODER_BOUNDARY.md","A","CANDIDATE",1628
"02_ARCHITECTURE/EXTERNAL_INTEGRATION/ARCH-OPS-028_P0_MAVLINK_SESSION_RUNTIME.md","A","CANDIDATE",1879
"02_ARCHITECTURE/EXTERNAL_INTEGRATION/ARCH-OPS-029_P0_TRANSPORT_CHANNEL_RUNTIME.md","A","CANDIDATE",1950
"02_ARCHITECTURE/EXTERNAL_INTEGRATION/ARCH-OPS-030_P0_UDP_TRANSPORT_DRIVER.md","A","CANDIDATE",1225
"02_ARCHITECTURE/EXTERNAL_INTEGRATION/ARCH-OPS-031_P0_UDP_CHANNEL_INTEGRATION.md","A","CANDIDATE",1506
"02_ARCHITECTURE/EXTERNAL_INTEGRATION/ARCH-OPS-032_P0_UDP_SESSION_HARDENING.md","A","CANDIDATE",1611
"02_ARCHITECTURE/EXTERNAL_INTEGRATION/ARCH-OPS-033_P0_UDP_ENDPOINT_ROLE_SEPARATION.md","A","CANDIDATE",1672
"02_ARCHITECTURE/EXTERNAL_INTEGRATION/ARCH-OPS-034_P0_C2_LINK_RUNTIME_BRIDGE.md","A","CANDIDATE",1298
"02_ARCHITECTURE/EXTERNAL_INTEGRATION/ARCH-OPS-035_P0_PER_CHANNEL_LINK_METRICS.md","A","CANDIDATE",1493
"02_ARCHITECTURE/EXTERNAL_INTEGRATION/ARCH-OPS-036_P0_PER_CHANNEL_LATENCY.md","A","CANDIDATE",1190
"02_ARCHITECTURE/EXTERNAL_INTEGRATION/ARCH-OPS-037_P0_PER_CHANNEL_BANDWIDTH.md","A","CANDIDATE",1715
"02_ARCHITECTURE/EXTERNAL_INTEGRATION/ARCH-OPS-039_P0_FLEET_ADDRESSING.md","A","CANDIDATE",1415
"02_ARCHITECTURE/EXTERNAL_INTEGRATION/ARCH-OPS-040_P0_FLEET_SESSION_ADMISSION.md","A","CANDIDATE",1594
"02_ARCHITECTURE/EXTERNAL_INTEGRATION/ARCH-OPS-041_P0_FLEET_ROUTING.md","A","CANDIDATE",1371
"02_ARCHITECTURE/EXTERNAL_INTEGRATION/ARCH-OPS-042_P0_TIME_SYNCHRONIZATION.md","A","CANDIDATE",1014
"02_ARCHITECTURE/EXTERNAL_INTEGRATION/ARCH-OPS-043_P0_DEVICE_IDENTITY.md","A","CANDIDATE",900
"02_ARCHITECTURE/EXTERNAL_INTEGRATION/ARCH-OPS-044_P0_DEVICE_CAPABILITY_RUNTIME.md","A","CANDIDATE",2229
"02_ARCHITECTURE/EXTERNAL_INTEGRATION/ARCH-OPS-045_P0_CAPABILITY_DISCOVERY_BOUNDARY.md","A","CANDIDATE",1275
"02_ARCHITECTURE/EXTERNAL_INTEGRATION/ARCH-OPS-046_P0_CAPABILITY_COMPATIBILITY_GATE.md","A","CANDIDATE",1865
"02_ARCHITECTURE/EXTERNAL_INTEGRATION/ARCH-OPS-047_P0_CAPABILITY_ADMISSION_BOUNDARY.md","A","CANDIDATE",1577
"02_ARCHITECTURE/EXTERNAL_INTEGRATION/ARCH-OPS-048_P0_CAPABILITY_EXECUTION_INTEGRATION.md","A","CANDIDATE",2285
"02_ARCHITECTURE/EXTERNAL_INTEGRATION/ARCH-OPS-049_P0_OPERATIONAL_ACTION_ROUTING.md","A","CANDIDATE",1461
"02_ARCHITECTURE/EXTERNAL_INTEGRATION/ARCH-OPS-050_P0_EXTERNAL_OPERATIONAL_REQUEST_INTAKE.md","A","CANDIDATE",1565
"02_ARCHITECTURE/EXTERNAL_INTEGRATION/ARCH-OPS-051_P0_EXTERNAL_REQUEST_EXECUTION_BINDING.md","A","CANDIDATE",1874
"02_ARCHITECTURE/EXTERNAL_INTEGRATION/ARDUPILOT_SYSTEM_BOUNDARY.md","A","CANDIDATE",14878
"02_ARCHITECTURE/EXTERNAL_INTEGRATION/ATM_REGULATORY_INTEGRATION_FRAMEWORK.md","A","CANDIDATE",3066
"02_ARCHITECTURE/EXTERNAL_INTEGRATION/AUTOPILOT_INTEGRATION_FRAMEWORK.md","A","CANDIDATE",7534
"02_ARCHITECTURE/EXTERNAL_INTEGRATION/BLUESKY_EXTERNAL_INTEGRATION_ARCHITECTURE.md","A","CANDIDATE",12706
"02_ARCHITECTURE/EXTERNAL_INTEGRATION/BLUESKY_OPERATIONAL_LIFECYCLE.md","A","CANDIDATE",3819
"02_ARCHITECTURE/EXTERNAL_INTEGRATION/C2_CONNECTIVITY_FRAMEWORK.md","A","CANDIDATE",2896
"02_ARCHITECTURE/EXTERNAL_INTEGRATION/COMPLETE_LIFECYCLE_GAP_REGISTER.md","A","CANDIDATE",8355
"02_ARCHITECTURE/EXTERNAL_INTEGRATION/IF-AIRSPACE-ATM.md","A","CANDIDATE",1890
"02_ARCHITECTURE/EXTERNAL_INTEGRATION/IF-AUTOPILOT.md","A","CANDIDATE",6480
"02_ARCHITECTURE/EXTERNAL_INTEGRATION/IF-C2.md","A","CANDIDATE",4245
"02_ARCHITECTURE/EXTERNAL_INTEGRATION/IF-COMMAND.md","A","CANDIDATE",3899
"02_ARCHITECTURE/EXTERNAL_INTEGRATION/IF-EQUIPMENT.md","A","CANDIDATE",1494
"02_ARCHITECTURE/EXTERNAL_INTEGRATION/IF-GNSS-RTK.md","A","CANDIDATE",665
"02_ARCHITECTURE/EXTERNAL_INTEGRATION/IF-LOG.md","A","CANDIDATE",658
"02_ARCHITECTURE/EXTERNAL_INTEGRATION/IF-MAINTENANCE.md","A","CANDIDATE",759
"02_ARCHITECTURE/EXTERNAL_INTEGRATION/IF-MAVLINK.md","A","CANDIDATE",1065
"02_ARCHITECTURE/EXTERNAL_INTEGRATION/IF-MISSION.md","A","CANDIDATE",1895
"02_ARCHITECTURE/EXTERNAL_INTEGRATION/IF-PARAMETER.md","A","CANDIDATE",1640
"02_ARCHITECTURE/EXTERNAL_INTEGRATION/IF-SAFETY-CONFIG.md","A","CANDIDATE",1214
"02_ARCHITECTURE/EXTERNAL_INTEGRATION/IF-SECURITY.md","A","CANDIDATE",732
"02_ARCHITECTURE/EXTERNAL_INTEGRATION/IF-TRAFFIC.md","A","CANDIDATE",662
"02_ARCHITECTURE/EXTERNAL_INTEGRATION/IF-VEHICLE-STATE.md","A","CANDIDATE",1558
"02_ARCHITECTURE/EXTERNAL_INTEGRATION/IF-VIDEO.md","A","CANDIDATE",708
"02_ARCHITECTURE/EXTERNAL_INTEGRATION/INTEGRATION_GAP_TRACEABILITY_MATRIX.md","A","CANDIDATE",7492
"02_ARCHITECTURE/EXTERNAL_INTEGRATION/OPERATIONAL_VALIDATION_FRAMEWORK.md","A","CANDIDATE",3417
"02_ARCHITECTURE/EXTERNAL_INTEGRATION/P0_INTERFACE_GAP_MATRIX.md","A","CANDIDATE",7679
"02_ARCHITECTURE/EXTERNAL_INTEGRATION/PH4_INT_006_P0_OPERATIONAL_FAILURE_EVIDENCE_BINDING.md","A","CANDIDATE",1197
"02_ARCHITECTURE/EXTERNAL_INTEGRATION/PH4_INT_007_P0_FAILURE_EVIDENCE_EXECUTION_BINDING.md","A","CANDIDATE",1328
"02_ARCHITECTURE/EXTERNAL_INTEGRATION/README.md","A","CANDIDATE",2086
"02_ARCHITECTURE/EXTERNAL_INTEGRATION/VEHICLE_EQUIPMENT_INTEGRATION_FRAMEWORK.md","A","CANDIDATE",3662
"02_ARCHITECTURE/INTEGRATION/DATA_EXCHANGE_CONTRACT_BASELINE_001.md","A","CANDIDATE",6336
"02_ARCHITECTURE/INTERFACES/C2/C2_ICD_BASELINE_001.md","A","CANDIDATE",7791
"02_ARCHITECTURE/MISSION_PACKAGE/BLUESKY_MISSION_PACKAGE_BASELINE.md","A","CANDIDATE",6138
"02_ARCHITECTURE/RUNTIME/BLUESKY_RUNTIME_STATE_MACHINE_AND_REPLANNING_BASELINE.md","A","CANDIDATE",7817
"02_ARCHITECTURE/SYSTEM/AVIATION_SYSTEM_DEFINITION.md","A","CANDIDATE",9611
"02_ARCHITECTURE/SYSTEM/BLUESKY_JOURNAL_DATA_LAYER_BASELINE_001.md","A","CANDIDATE",1370
"02_ARCHITECTURE/SYSTEM/EXTERNAL_MAINTENANCE_DATA_EXCHANGE_CONTRACT_001.md","A","CANDIDATE",16729
"02_ARCHITECTURE/SYSTEM/EXTERNAL_MAINTENANCE_INTEGRATION_DESIGN_001.md","A","CANDIDATE",14748
"02_ARCHITECTURE/SYSTEM/EXTERNAL_MAINTENANCE_INTEGRATION_PRINCIPLE_001.md","A","CANDIDATE",10591
"02_ARCHITECTURE/SYSTEM/EXTERNAL_MAINTENANCE_SYSTEM_INTEGRATION_ARCHITECTURE_001.md","A","CANDIDATE",17234
"02_ARCHITECTURE/SYSTEM/EXTERNAL_PROCESSING_INTEGRATION_ARCHITECTURE_001.md","A","CANDIDATE",10120
"02_ARCHITECTURE/SYSTEM/MAINTENANCE_RESULT_TO_FLEET_STATE_001.md","A","CANDIDATE",3600
"02_ARCHITECTURE/SYSTEM/MISSION_REUSE_REVISION_REPLANNING_001.md","A","CANDIDATE",4506
"02_ARCHITECTURE/SYSTEM/MULTI_UAV_MISSION_CHANGE_AND_COORDINATION_001.md","A","CANDIDATE",6582
"02_ARCHITECTURE/SYSTEM/OFFLINE_FIRST_OPERATIONAL_ARCHITECTURE_001.md","A","CANDIDATE",3830
"02_ARCHITECTURE/SYSTEM/PC_TABLET_HUB_SYNCHRONIZATION_ARCHITECTURE_001.md","A","CANDIDATE",4089
"02_ARCHITECTURE/SYSTEM/UTC_TIME_REFERENCE_001.md","A","CANDIDATE",2650
"02_ARCHITECTURE/TECHNICIAN/TECHNICIAN_SHIFT_WORK_ASSIGNMENT_AND_COMPLETION_001.md","A","CANDIDATE",7102
"02_ARCHITECTURE/TELEMETRY/BLUESKY_UNIFIED_TELEMETRY_EVENT_MODEL_BASELINE.md","A","CANDIDATE",5802
"02_ARCHITECTURE/UX/BLUESKY_PRO_LOGO_EMBEDDING_REQUIREMENTS_001.md","A","CANDIDATE",8411
"02_ARCHITECTURE/UX/BLUESKY_PRO_UX_MINIMAL_INFORMATION_PRINCIPLE_001.md","A","CANDIDATE",19446
"02_ARCHITECTURE/VERIFICATION/BLUESKY_OPERATIONAL_VALIDATION_BASELINE.md","A","CANDIDATE",5600
"02_SYSTEM/Architecture/ARCH-DEC-001.md","A","IMPORTED_SOURCE",1664
"02_SYSTEM/Architecture/ARCH-DEC-002.md","A","IMPORTED_SOURCE",1786
"02_SYSTEM/Architecture/ARCH-DEC-003.md","A","IMPORTED_SOURCE",2674
"02_SYSTEM/Architecture/ARCH-DEC-004.md","A","IMPORTED_SOURCE",3908
"02_SYSTEM/Architecture/ARCH-DEC-005.md","A","IMPORTED_SOURCE",5677
"02_SYSTEM/Architecture/ARCH-DEC-006.md","A","IMPORTED_SOURCE",4677
"02_SYSTEM/Architecture/ARCH-DEC-007.md","A","IMPORTED_SOURCE",4181
"02_SYSTEM/Architecture/ARCH-DEC-008.md","A","IMPORTED_SOURCE",4317
"02_SYSTEM/Architecture/ARCH-DEC-009.md","A","IMPORTED_SOURCE",6896
"02_SYSTEM/Architecture/ARCH-DEC-010.md","A","IMPORTED_SOURCE",5519
"02_SYSTEM/Architecture/ARCH-DEC-011.md","A","IMPORTED_SOURCE",6104
"02_SYSTEM/Architecture/ARCH-DEC-012.md","A","IMPORTED_SOURCE",6176
"02_SYSTEM/Architecture/ARCH-DEC-013.md","A","IMPORTED_SOURCE",6463
"02_SYSTEM/Architecture/ARCH-DEC-014.md","A","IMPORTED_SOURCE",7220
"02_SYSTEM/Architecture/ARCH-DEC-015.md","A","IMPORTED_SOURCE",6717
"02_SYSTEM/Architecture/ARCH-DEC-016.md","A","IMPORTED_SOURCE",6815
"02_SYSTEM/Architecture/ARCH-DEC-017.md","A","IMPORTED_SOURCE",11906
"02_SYSTEM/Architecture/ARCH-DEC-018.md","A","IMPORTED_SOURCE",8303
"02_SYSTEM/Architecture/ARCH-DEC-019.md","A","IMPORTED_SOURCE",8553
"02_SYSTEM/Architecture/ARCH-DEC-020.md","A","IMPORTED_SOURCE",11172
"02_SYSTEM/Architecture/ARCH-DEC-021.md","A","IMPORTED_SOURCE",9730
"02_SYSTEM/Architecture/ARCH-DEC-022.md","A","IMPORTED_SOURCE",9467
"02_SYSTEM/Architecture/ARCH-DEC-023.md","A","IMPORTED_SOURCE",8224
"02_SYSTEM/Architecture/ARCH-DEC-024.md","A","IMPORTED_SOURCE",11607
"02_SYSTEM/Architecture/ARCH-DEC-025.md","A","IMPORTED_SOURCE",12106
"02_SYSTEM/Architecture/ARCH-DEC-026.md","A","IMPORTED_SOURCE",11525
"02_SYSTEM/Architecture/ARCH-DEC-027.md","A","IMPORTED_SOURCE",13702
"02_SYSTEM/Architecture/ARCH-DEC-028.md","A","IMPORTED_SOURCE",14473
"02_SYSTEM/Architecture/ARCH-DEC-029.md","A","IMPORTED_SOURCE",15045
"02_SYSTEM/Architecture/ARCH-DEC-030.md","A","CANDIDATE",11811
"02_SYSTEM/Architecture/ARCH-DEC-031.md","A","CANDIDATE",12335
"02_SYSTEM/Architecture/ARCH-DEC-032.md","A","CANDIDATE",13944
"02_SYSTEM/Architecture/ARCH-DEC-033.md","A","CANDIDATE",15707
"02_SYSTEM/Architecture/ARCH-DEC-034.md","A","CANDIDATE",16149
"02_SYSTEM/Architecture/ARCH-DEC-035.md","A","CANDIDATE",14899
"02_SYSTEM/Architecture/ARCH-DEC-036.md","A","CANDIDATE",17014
"02_SYSTEM/Architecture/ARCH-DEC-037.md","A","CANDIDATE",15630
"02_SYSTEM/Architecture/ARCH-DEC-038.md","A","CANDIDATE",15464
"02_SYSTEM/Architecture/ARCH-DEC-039.md","A","CANDIDATE",13757
"02_SYSTEM/Architecture/ARCH-DEC-040.md","A","CANDIDATE",17469
"02_SYSTEM/Architecture/ARCH-DEC-041.md","A","CANDIDATE",12717
"02_SYSTEM/Architecture/ARCH-DEC-042.md","A","CANDIDATE",14751
"02_SYSTEM/Architecture/ARCH-DEC-043.md","A","CANDIDATE",14364
"02_SYSTEM/Architecture/ARCH-DEC-044.md","A","CANDIDATE",12069
"02_SYSTEM/Architecture/ARCH-DEC-045.md","A","CANDIDATE",10666
"02_SYSTEM/Architecture/ARCH-DEC-046-CAPABILITY-TRACEABILITY.md","A","CANDIDATE",3786
"02_SYSTEM/Architecture/ARCH-DEC-046-REQUIREMENT-GAP-ANALYSIS.md","A","CANDIDATE",3646
"02_SYSTEM/Architecture/ARCH-DEC-046.md","A","IMPORTED_SOURCE",9143
"02_SYSTEM/Architecture/ARCH-DEC-CAPABILITY-COVERAGE.md","A","CANDIDATE",3765
"02_SYSTEM/Architecture/ARCH-DEC-CAPABILITY-TRACEABILITY.md","A","CANDIDATE",3400
"02_SYSTEM/Architecture/CAPABILITY-ARCHITECTURE-REVIEW.md","A","CANDIDATE",3990
"02_SYSTEM/Architecture/CAPABILITY-SYS-REQ-CANDIDATE-TRACEABILITY.md","A","CANDIDATE",41745
"02_SYSTEM/Architecture/EMERGENCY-BEHAVIOUR-SYSREQ-TRACEABILITY.md","A","CANDIDATE",2258
"02_SYSTEM/Architecture/SYS-REQ-007-CAPABILITY-TRACEABILITY.md","A","CANDIDATE",1777
"02_SYSTEM/Architecture/SYS-REQ-036-CAPABILITY-TRACEABILITY.md","A","CANDIDATE",1965
"02_SYSTEM/Architecture/SYS-REQ-040-CAPABILITY-TRACEABILITY.md","A","CANDIDATE",1943
"02_SYSTEM/Architecture/SYS-REQ-080-CAPABILITY-TRACEABILITY.md","A","CANDIDATE",1575
"02_SYSTEM/Architecture/SYS-REQ-081-CAPABILITY-TRACEABILITY.md","A","CANDIDATE",1819
"02_SYSTEM/Architecture/SYS-REQ-082-CAPABILITY-TRACEABILITY.md","A","CANDIDATE",2379
"02_SYSTEM/Architecture/SYS-REQ-083-CAPABILITY-TRACEABILITY.md","A","CANDIDATE",965
"02_SYSTEM/Architecture/SYS-REQ-084-CAPABILITY-TRACEABILITY.md","A","CANDIDATE",1501
"02_SYSTEM/Architecture/SYS-REQ-085-CAPABILITY-TRACEABILITY.md","A","CANDIDATE",1532
"02_SYSTEM/Architecture/SYS-REQ-086-CAPABILITY-TRACEABILITY.md","A","CANDIDATE",1871
"02_SYSTEM/Architecture/SYS-REQ-087-CAPABILITY-TRACEABILITY.md","A","CANDIDATE",1968
"02_SYSTEM/Architecture/SYS-REQ-088-CAPABILITY-TRACEABILITY.md","A","IMPORTED_SOURCE",2424
"02_SYSTEM/Architecture/SYS-REQ-089-CAPABILITY-TRACEABILITY.md","A","CANDIDATE",2266
"02_SYSTEM/Architecture/SYS-REQ-090-CAPABILITY-TRACEABILITY.md","A","CANDIDATE",1849
"02_SYSTEM/Architecture/SYS-REQ-091-CAPABILITY-TRACEABILITY.md","A","CANDIDATE",1837
"02_SYSTEM/Architecture/SYS-REQ-092-CAPABILITY-TRACEABILITY.md","A","CANDIDATE",1921
"02_SYSTEM/Architecture/SYS-REQ-093-CAPABILITY-TRACEABILITY.md","A","CANDIDATE",1903
"02_SYSTEM/Architecture/SYS-REQ-094-CAPABILITY-TRACEABILITY.md","A","CANDIDATE",1885
"02_SYSTEM/Architecture/SYS-REQ-095-CAPABILITY-TRACEABILITY.md","A","CANDIDATE",1933
"02_SYSTEM/Architecture/SYS-REQ-096-CAPABILITY-TRACEABILITY.md","A","CANDIDATE",1849
"02_SYSTEM/Architecture/SYS-REQ-097-CAPABILITY-TRACEABILITY.md","A","CANDIDATE",1867
"02_SYSTEM/Architecture/SYS-REQ-098-CAPABILITY-TRACEABILITY.md","A","CANDIDATE",1867
"02_SYSTEM/Architecture/SYS-REQ-099-CAPABILITY-TRACEABILITY.md","A","CANDIDATE",1933
"02_SYSTEM/Architecture/SYS-REQ-100-CAPABILITY-TRACEABILITY.md","A","CANDIDATE",1909
"02_SYSTEM/Architecture/SYS-REQ-101-CAPABILITY-TRACEABILITY.md","A","CANDIDATE",1897
"02_SYSTEM/Architecture/SYS-REQ-102-CAPABILITY-TRACEABILITY.md","A","CANDIDATE",1933
"02_SYSTEM/Architecture/SYS-REQ-103-CAPABILITY-TRACEABILITY.md","A","CANDIDATE",1951
"02_SYSTEM/Architecture/SYS-REQ-104-CAPABILITY-TRACEABILITY.md","A","CANDIDATE",1921
"02_SYSTEM/Architecture/SYS-REQ-105-CAPABILITY-TRACEABILITY.md","A","CANDIDATE",1867
"02_SYSTEM/Architecture/SYS-REQ-106-CAPABILITY-TRACEABILITY.md","A","CANDIDATE",1897
"02_SYSTEM/Architecture/SYS-REQ-107-CAPABILITY-TRACEABILITY.md","A","CANDIDATE",1957
"02_SYSTEM/Architecture/SYS-REQ-108-CAPABILITY-TRACEABILITY.md","A","CANDIDATE",1963
"02_SYSTEM/Architecture/SYS-REQ-109-CAPABILITY-TRACEABILITY.md","A","CANDIDATE",1981
"02_SYSTEM/Architecture/SYS-REQ-110-CAPABILITY-TRACEABILITY.md","A","CANDIDATE",3987
"02_SYSTEM/Architecture/SYS-REQ-111-CAPABILITY-TRACEABILITY.md","A","CANDIDATE",4167
"02_SYSTEM/Architecture/SYS-REQ-112-CAPABILITY-TRACEABILITY.md","A","CANDIDATE",5872
"02_SYSTEM/Architecture/SYS-REQ-ARCHITECTURE-COVERAGE.md","A","CANDIDATE",10319
"02_SYSTEM/Design/AI-ORCHESTRATION-LAYER-DESIGN.md","A","CANDIDATE",8440
"02_SYSTEM/Design/AI-PILOT-INTERFACE-DESIGN.backup.md","D","EXCLUDED_BACKUP_OR_LEGACY",15055
"02_SYSTEM/Design/AI-PILOT-INTERFACE-DESIGN.md","A","CANDIDATE",54476
"02_SYSTEM/Design/ATC/ATC - ES ORVD Flight Plan Automation.md","A","CANDIDATE",4307
"02_SYSTEM/Design/ATC/ATC - Flight Plan Format.md","A","CANDIDATE",6
"02_SYSTEM/Design/ATC/ATC - Insurance Integration.md","A","CANDIDATE",1392
"02_SYSTEM/Design/ATC/ATC - Response and Error Learning.md","A","CANDIDATE",2723
"02_SYSTEM/Design/Data/Data Acquisition and HUB.md","A","CANDIDATE",6
"02_SYSTEM/Design/Data/Legal Source Register.md","A","CANDIDATE",6
"02_SYSTEM/Design/INSURANCE/INSURANCE_AUTOMATED_PREFLIGHT_ALGORITHM_001.md","A","CANDIDATE",5451
"02_SYSTEM/Design/INSURANCE/INSURANCE_BATTERY_LIFECYCLE_001.md","A","CANDIDATE",1620
"02_SYSTEM/Design/INSURANCE/INSURANCE_COMPONENT_LIFECYCLE_001.md","A","CANDIDATE",2336
"02_SYSTEM/Design/INSURANCE/INSURANCE_RISK_CALCULATION_001.md","A","CANDIDATE",1657
"02_SYSTEM/Design/INSURANCE/INSURANCE_RISK_SOURCE_ADAPTERS_001.md","A","CANDIDATE",1635
"02_SYSTEM/Design/INSURANCE/INSURANCE_RISK_TEMPORAL_CONFIGURATION_001.md","A","CANDIDATE",1921
"02_SYSTEM/Design/INSURANCE/INSURANCE_UAV_DATA_MODEL_001.md","A","CANDIDATE",1596
"02_SYSTEM/Design/INSURANCE/INSURANCE_UAV_RISK_VECTOR_BOUNDARY_001.md","A","CANDIDATE",1918
"02_SYSTEM/Design/Interface/Flight Profile Interaction.md","A","CANDIDATE",4523
"02_SYSTEM/Design/Interface/Map as Mission Tool.md","A","CANDIDATE",6
"02_SYSTEM/Design/Interface/Mission Dashboard.md","A","CANDIDATE",8411
"02_SYSTEM/Design/Interface/UAV Selection and Highlighting.md","A","CANDIDATE",3894
"02_SYSTEM/Design/Mission Data Retention Matrix.md","A","CANDIDATE",15486
"02_SYSTEM/Design/Mission/Mission Calculation.md","A","CANDIDATE",5244
"02_SYSTEM/Design/Mission/Mission Decision Philosophy.md","A","CANDIDATE",4919
"02_SYSTEM/Design/Mission/Mission Execution.md","A","CANDIDATE",5269
"02_SYSTEM/Design/Mission/Mission Formation.md","A","CANDIDATE",4444
"02_SYSTEM/Design/PROJECT_RULES.before-repair.md","A","CANDIDATE",9839
"02_SYSTEM/Design/PROJECT_RULES.md","A","CANDIDATE",10005
"02_SYSTEM/Design/Route Planning/2D-3D Route Visualization.md","A","CANDIDATE",5414
"02_SYSTEM/Design/Route Planning/Collision Avoidance.md","A","CANDIDATE",4405
"02_SYSTEM/Design/Route Planning/Dynamic Return Calculation.md","A","CANDIDATE",4372
"02_SYSTEM/Design/Route Planning/Route Generation.md","A","CANDIDATE",6133
"02_SYSTEM/Design/Route Planning/WP Table.md","A","CANDIDATE",4247
"02_SYSTEM/Design/UAV/Multi-UAV Coordination.md","A","CANDIDATE",6412
"02_SYSTEM/Design/UAV/UAV Availability and Readiness.md","A","CANDIDATE",5568
"02_SYSTEM/Design/UAV/UAV State and Telemetry.md","A","CANDIDATE",5468
"02_SYSTEM/Design/_BACKUP_BEFORE_FINAL_CLEANUP_20260831-104403/AI-ORCHESTRATION-LAYER-DESIGN.md","D","EXCLUDED_BACKUP_OR_LEGACY",8082
"02_SYSTEM/Design/_BACKUP_BEFORE_FINAL_CLEANUP_20260831-104403/AI-PILOT-INTERFACE-DESIGN.backup.md","D","EXCLUDED_BACKUP_OR_LEGACY",15055
"02_SYSTEM/Design/_BACKUP_BEFORE_FINAL_CLEANUP_20260831-104403/AI-PILOT-INTERFACE-DESIGN.md","D","EXCLUDED_BACKUP_OR_LEGACY",53722
"02_SYSTEM/Design/_BACKUP_BEFORE_FINAL_CLEANUP_20260831-104403/ATC/ATC - ES ORVD Flight Plan Automation.md","D","EXCLUDED_BACKUP_OR_LEGACY",4250
"02_SYSTEM/Design/_BACKUP_BEFORE_FINAL_CLEANUP_20260831-104403/ATC/ATC - Flight Plan Format.md","D","EXCLUDED_BACKUP_OR_LEGACY",0
"02_SYSTEM/Design/_BACKUP_BEFORE_FINAL_CLEANUP_20260831-104403/ATC/ATC - Insurance Integration.md","D","EXCLUDED_BACKUP_OR_LEGACY",1369
"02_SYSTEM/Design/_BACKUP_BEFORE_FINAL_CLEANUP_20260831-104403/ATC/ATC - Response and Error Learning.md","D","EXCLUDED_BACKUP_OR_LEGACY",2688
"02_SYSTEM/Design/_BACKUP_BEFORE_FINAL_CLEANUP_20260831-104403/Data/Data Acquisition and HUB.md","D","EXCLUDED_BACKUP_OR_LEGACY",0
"02_SYSTEM/Design/_BACKUP_BEFORE_FINAL_CLEANUP_20260831-104403/Data/Legal Source Register.md","D","EXCLUDED_BACKUP_OR_LEGACY",0
"02_SYSTEM/Design/_BACKUP_BEFORE_FINAL_CLEANUP_20260831-104403/Interface/Flight Profile Interaction.md","D","EXCLUDED_BACKUP_OR_LEGACY",4436
"02_SYSTEM/Design/_BACKUP_BEFORE_FINAL_CLEANUP_20260831-104403/Interface/Map as Mission Tool.md","D","EXCLUDED_BACKUP_OR_LEGACY",0
"02_SYSTEM/Design/_BACKUP_BEFORE_FINAL_CLEANUP_20260831-104403/Interface/Mission Dashboard.md","D","EXCLUDED_BACKUP_OR_LEGACY",8269
"02_SYSTEM/Design/_BACKUP_BEFORE_FINAL_CLEANUP_20260831-104403/Interface/UAV Selection and Highlighting.md","D","EXCLUDED_BACKUP_OR_LEGACY",3823
"02_SYSTEM/Design/_BACKUP_BEFORE_FINAL_CLEANUP_20260831-104403/Mission Data Retention Matrix.md","D","EXCLUDED_BACKUP_OR_LEGACY",15349
"02_SYSTEM/Design/_BACKUP_BEFORE_FINAL_CLEANUP_20260831-104403/Mission/Mission Calculation.md","D","EXCLUDED_BACKUP_OR_LEGACY",5231
"02_SYSTEM/Design/_BACKUP_BEFORE_FINAL_CLEANUP_20260831-104403/Mission/Mission Decision Philosophy.md","D","EXCLUDED_BACKUP_OR_LEGACY",4921
"02_SYSTEM/Design/_BACKUP_BEFORE_FINAL_CLEANUP_20260831-104403/Mission/Mission Execution.md","D","EXCLUDED_BACKUP_OR_LEGACY",5246
"02_SYSTEM/Design/_BACKUP_BEFORE_FINAL_CLEANUP_20260831-104403/Mission/Mission Formation.md","D","EXCLUDED_BACKUP_OR_LEGACY",4448
"02_SYSTEM/Design/_BACKUP_BEFORE_FINAL_CLEANUP_20260831-104403/Route Planning/2D-3D Route Visualization.md","D","EXCLUDED_BACKUP_OR_LEGACY",5321
"02_SYSTEM/Design/_BACKUP_BEFORE_FINAL_CLEANUP_20260831-104403/Route Planning/Collision Avoidance.md","D","EXCLUDED_BACKUP_OR_LEGACY",4339
"02_SYSTEM/Design/_BACKUP_BEFORE_FINAL_CLEANUP_20260831-104403/Route Planning/Dynamic Return Calculation.md","D","EXCLUDED_BACKUP_OR_LEGACY",4298
"02_SYSTEM/Design/_BACKUP_BEFORE_FINAL_CLEANUP_20260831-104403/Route Planning/Route Generation.md","D","EXCLUDED_BACKUP_OR_LEGACY",6025
"02_SYSTEM/Design/_BACKUP_BEFORE_FINAL_CLEANUP_20260831-104403/Route Planning/WP Table.md","D","EXCLUDED_BACKUP_OR_LEGACY",4171
"02_SYSTEM/Design/_BACKUP_BEFORE_FINAL_CLEANUP_20260831-104403/UAV/Multi-UAV Coordination.md","D","EXCLUDED_BACKUP_OR_LEGACY",6329
"02_SYSTEM/Design/_BACKUP_BEFORE_FINAL_CLEANUP_20260831-104403/UAV/UAV Availability and Readiness.md","D","EXCLUDED_BACKUP_OR_LEGACY",5496
"02_SYSTEM/Design/_BACKUP_BEFORE_FINAL_CLEANUP_20260831-104403/UAV/UAV State and Telemetry.md","D","EXCLUDED_BACKUP_OR_LEGACY",5380
"02_SYSTEM/Design/_BACKUP_BEFORE_KNOWN_DAMAGE_REPAIR_20260831-133917/AI-ORCHESTRATION-LAYER-DESIGN.md","D","EXCLUDED_BACKUP_OR_LEGACY",8082
"02_SYSTEM/Design/_BACKUP_BEFORE_KNOWN_DAMAGE_REPAIR_20260831-133917/AI-PILOT-INTERFACE-DESIGN.md","D","EXCLUDED_BACKUP_OR_LEGACY",53722
"02_SYSTEM/Design/_BACKUP_BEFORE_KNOWN_DAMAGE_REPAIR_20260831-133917/ATC/ATC - ES ORVD Flight Plan Automation.md","D","EXCLUDED_BACKUP_OR_LEGACY",4250
"02_SYSTEM/Design/_BACKUP_BEFORE_KNOWN_DAMAGE_REPAIR_20260831-133917/ATC/ATC - Flight Plan Format.md","D","EXCLUDED_BACKUP_OR_LEGACY",0
"02_SYSTEM/Design/_BACKUP_BEFORE_KNOWN_DAMAGE_REPAIR_20260831-133917/ATC/ATC - Insurance Integration.md","D","EXCLUDED_BACKUP_OR_LEGACY",1369
"02_SYSTEM/Design/_BACKUP_BEFORE_KNOWN_DAMAGE_REPAIR_20260831-133917/ATC/ATC - Response and Error Learning.md","D","EXCLUDED_BACKUP_OR_LEGACY",2688
"02_SYSTEM/Design/_BACKUP_BEFORE_KNOWN_DAMAGE_REPAIR_20260831-133917/Data/Data Acquisition and HUB.md","D","EXCLUDED_BACKUP_OR_LEGACY",0
"02_SYSTEM/Design/_BACKUP_BEFORE_KNOWN_DAMAGE_REPAIR_20260831-133917/Data/Legal Source Register.md","D","EXCLUDED_BACKUP_OR_LEGACY",0
"02_SYSTEM/Design/_BACKUP_BEFORE_KNOWN_DAMAGE_REPAIR_20260831-133917/Interface/Flight Profile Interaction.md","D","EXCLUDED_BACKUP_OR_LEGACY",4436
"02_SYSTEM/Design/_BACKUP_BEFORE_KNOWN_DAMAGE_REPAIR_20260831-133917/Interface/Map as Mission Tool.md","D","EXCLUDED_BACKUP_OR_LEGACY",0
"02_SYSTEM/Design/_BACKUP_BEFORE_KNOWN_DAMAGE_REPAIR_20260831-133917/Interface/Mission Dashboard.md","D","EXCLUDED_BACKUP_OR_LEGACY",8269
"02_SYSTEM/Design/_BACKUP_BEFORE_KNOWN_DAMAGE_REPAIR_20260831-133917/Interface/UAV Selection and Highlighting.md","D","EXCLUDED_BACKUP_OR_LEGACY",3823
"02_SYSTEM/Design/_BACKUP_BEFORE_KNOWN_DAMAGE_REPAIR_20260831-133917/Mission Data Retention Matrix.md","D","EXCLUDED_BACKUP_OR_LEGACY",15349
"02_SYSTEM/Design/_BACKUP_BEFORE_KNOWN_DAMAGE_REPAIR_20260831-133917/Mission/Mission Calculation.md","D","EXCLUDED_BACKUP_OR_LEGACY",5181
"02_SYSTEM/Design/_BACKUP_BEFORE_KNOWN_DAMAGE_REPAIR_20260831-133917/Mission/Mission Decision Philosophy.md","D","EXCLUDED_BACKUP_OR_LEGACY",4863
"02_SYSTEM/Design/_BACKUP_BEFORE_KNOWN_DAMAGE_REPAIR_20260831-133917/Mission/Mission Execution.md","D","EXCLUDED_BACKUP_OR_LEGACY",5204
"02_SYSTEM/Design/_BACKUP_BEFORE_KNOWN_DAMAGE_REPAIR_20260831-133917/Mission/Mission Formation.md","D","EXCLUDED_BACKUP_OR_LEGACY",4390
"02_SYSTEM/Design/_BACKUP_BEFORE_KNOWN_DAMAGE_REPAIR_20260831-133917/Route Planning/2D-3D Route Visualization.md","D","EXCLUDED_BACKUP_OR_LEGACY",5321
"02_SYSTEM/Design/_BACKUP_BEFORE_KNOWN_DAMAGE_REPAIR_20260831-133917/Route Planning/Collision Avoidance.md","D","EXCLUDED_BACKUP_OR_LEGACY",4339
"02_SYSTEM/Design/_BACKUP_BEFORE_KNOWN_DAMAGE_REPAIR_20260831-133917/Route Planning/Dynamic Return Calculation.md","D","EXCLUDED_BACKUP_OR_LEGACY",4298
"02_SYSTEM/Design/_BACKUP_BEFORE_KNOWN_DAMAGE_REPAIR_20260831-133917/Route Planning/Route Generation.md","D","EXCLUDED_BACKUP_OR_LEGACY",6025
"02_SYSTEM/Design/_BACKUP_BEFORE_KNOWN_DAMAGE_REPAIR_20260831-133917/Route Planning/WP Table.md","D","EXCLUDED_BACKUP_OR_LEGACY",4171
"02_SYSTEM/Design/_BACKUP_BEFORE_KNOWN_DAMAGE_REPAIR_20260831-133917/UAV/Multi-UAV Coordination.md","D","EXCLUDED_BACKUP_OR_LEGACY",6315
"02_SYSTEM/Design/_BACKUP_BEFORE_KNOWN_DAMAGE_REPAIR_20260831-133917/UAV/UAV Availability and Readiness.md","D","EXCLUDED_BACKUP_OR_LEGACY",5496
"02_SYSTEM/Design/_BACKUP_BEFORE_KNOWN_DAMAGE_REPAIR_20260831-133917/UAV/UAV State and Telemetry.md","D","EXCLUDED_BACKUP_OR_LEGACY",5380
"02_SYSTEM/Design/_BACKUP_BEFORE_TEXT_REPAIR/AI-ORCHESTRATION-LAYER-DESIGN.md","D","EXCLUDED_BACKUP_OR_LEGACY",8082
"02_SYSTEM/Design/_BACKUP_BEFORE_TEXT_REPAIR/AI-PILOT-INTERFACE-DESIGN.backup.md","D","EXCLUDED_BACKUP_OR_LEGACY",14917
"02_SYSTEM/Design/_BACKUP_BEFORE_TEXT_REPAIR/AI-PILOT-INTERFACE-DESIGN.md","D","EXCLUDED_BACKUP_OR_LEGACY",53722
"02_SYSTEM/Design/_BACKUP_BEFORE_TEXT_REPAIR/ATC/ATC - ES ORVD Flight Plan Automation.md","D","EXCLUDED_BACKUP_OR_LEGACY",4200
"02_SYSTEM/Design/_BACKUP_BEFORE_TEXT_REPAIR/ATC/ATC - Flight Plan Format.md","D","EXCLUDED_BACKUP_OR_LEGACY",0
"02_SYSTEM/Design/_BACKUP_BEFORE_TEXT_REPAIR/ATC/ATC - Insurance Integration.md","D","EXCLUDED_BACKUP_OR_LEGACY",1355
"02_SYSTEM/Design/_BACKUP_BEFORE_TEXT_REPAIR/ATC/ATC - Response and Error Learning.md","D","EXCLUDED_BACKUP_OR_LEGACY",2654
"02_SYSTEM/Design/_BACKUP_BEFORE_TEXT_REPAIR/Data/Data Acquisition and HUB.md","D","EXCLUDED_BACKUP_OR_LEGACY",0
"02_SYSTEM/Design/_BACKUP_BEFORE_TEXT_REPAIR/Data/Legal Source Register.md","D","EXCLUDED_BACKUP_OR_LEGACY",0
"02_SYSTEM/Design/_BACKUP_BEFORE_TEXT_REPAIR/Interface/Flight Profile Interaction.md","D","EXCLUDED_BACKUP_OR_LEGACY",4384
"02_SYSTEM/Design/_BACKUP_BEFORE_TEXT_REPAIR/Interface/Map as Mission Tool.md","D","EXCLUDED_BACKUP_OR_LEGACY",0
"02_SYSTEM/Design/_BACKUP_BEFORE_TEXT_REPAIR/Interface/Mission Dashboard.md","D","EXCLUDED_BACKUP_OR_LEGACY",8171
"02_SYSTEM/Design/_BACKUP_BEFORE_TEXT_REPAIR/Interface/UAV Selection and Highlighting.md","D","EXCLUDED_BACKUP_OR_LEGACY",3719
"02_SYSTEM/Design/_BACKUP_BEFORE_TEXT_REPAIR/Mission Data Retention Matrix.md","D","EXCLUDED_BACKUP_OR_LEGACY",15239
"02_SYSTEM/Design/_BACKUP_BEFORE_TEXT_REPAIR/Mission/Mission Calculation.md","D","EXCLUDED_BACKUP_OR_LEGACY",5181
"02_SYSTEM/Design/_BACKUP_BEFORE_TEXT_REPAIR/Mission/Mission Decision Philosophy.md","D","EXCLUDED_BACKUP_OR_LEGACY",4863
"02_SYSTEM/Design/_BACKUP_BEFORE_TEXT_REPAIR/Mission/Mission Execution.md","D","EXCLUDED_BACKUP_OR_LEGACY",5204
"02_SYSTEM/Design/_BACKUP_BEFORE_TEXT_REPAIR/Mission/Mission Formation.md","D","EXCLUDED_BACKUP_OR_LEGACY",4390
"02_SYSTEM/Design/_BACKUP_BEFORE_TEXT_REPAIR/Route Planning/2D-3D Route Visualization.md","D","EXCLUDED_BACKUP_OR_LEGACY",5271
"02_SYSTEM/Design/_BACKUP_BEFORE_TEXT_REPAIR/Route Planning/Collision Avoidance.md","D","EXCLUDED_BACKUP_OR_LEGACY",4277
"02_SYSTEM/Design/_BACKUP_BEFORE_TEXT_REPAIR/Route Planning/Dynamic Return Calculation.md","D","EXCLUDED_BACKUP_OR_LEGACY",4234
"02_SYSTEM/Design/_BACKUP_BEFORE_TEXT_REPAIR/Route Planning/Route Generation.md","D","EXCLUDED_BACKUP_OR_LEGACY",5939
"02_SYSTEM/Design/_BACKUP_BEFORE_TEXT_REPAIR/Route Planning/WP Table.md","D","EXCLUDED_BACKUP_OR_LEGACY",4117
"02_SYSTEM/Design/_BACKUP_BEFORE_TEXT_REPAIR/UAV/Multi-UAV Coordination.md","D","EXCLUDED_BACKUP_OR_LEGACY",6225
"02_SYSTEM/Design/_BACKUP_BEFORE_TEXT_REPAIR/UAV/UAV Availability and Readiness.md","D","EXCLUDED_BACKUP_OR_LEGACY",5382
"02_SYSTEM/Design/_BACKUP_BEFORE_TEXT_REPAIR/UAV/UAV State and Telemetry.md","D","EXCLUDED_BACKUP_OR_LEGACY",5276
"02_SYSTEM/Requirements/SYS-REQ-001.md","A","IMPORTED_SOURCE",2918
"02_SYSTEM/Requirements/SYS-REQ-002.md","A","IMPORTED_SOURCE",5794
"02_SYSTEM/Requirements/SYS-REQ-003.md","A","IMPORTED_SOURCE",5553
"02_SYSTEM/Requirements/SYS-REQ-004.md","A","IMPORTED_SOURCE",5483
"02_SYSTEM/Requirements/SYS-REQ-005.md","A","IMPORTED_SOURCE",5282
"02_SYSTEM/Requirements/SYS-REQ-006.md","A","IMPORTED_SOURCE",7957
"02_SYSTEM/Requirements/SYS-REQ-007.md","A","IMPORTED_SOURCE",8789
"02_SYSTEM/Requirements/SYS-REQ-008.md","A","IMPORTED_SOURCE",3793
"02_SYSTEM/Requirements/SYS-REQ-009.md","A","IMPORTED_SOURCE",6857
"02_SYSTEM/Requirements/SYS-REQ-010.md","A","IMPORTED_SOURCE",6458
"02_SYSTEM/Requirements/SYS-REQ-011.md","A","IMPORTED_SOURCE",9037
"02_SYSTEM/Requirements/SYS-REQ-012.md","A","IMPORTED_SOURCE",761
"02_SYSTEM/Requirements/SYS-REQ-013.md","A","IMPORTED_SOURCE",838
"02_SYSTEM/Requirements/SYS-REQ-014.md","A","IMPORTED_SOURCE",633
"02_SYSTEM/Requirements/SYS-REQ-015.md","A","IMPORTED_SOURCE",807
"02_SYSTEM/Requirements/SYS-REQ-016.md","A","IMPORTED_SOURCE",968
"02_SYSTEM/Requirements/SYS-REQ-017.md","A","IMPORTED_SOURCE",1010
"02_SYSTEM/Requirements/SYS-REQ-018.md","A","IMPORTED_SOURCE",972
"02_SYSTEM/Requirements/SYS-REQ-019.md","A","IMPORTED_SOURCE",803
"02_SYSTEM/Requirements/SYS-REQ-020.md","A","IMPORTED_SOURCE",749
"02_SYSTEM/Requirements/SYS-REQ-021.md","A","IMPORTED_SOURCE",695
"02_SYSTEM/Requirements/SYS-REQ-022.md","A","IMPORTED_SOURCE",845
"02_SYSTEM/Requirements/SYS-REQ-023.md","A","IMPORTED_SOURCE",823
"02_SYSTEM/Requirements/SYS-REQ-025.md","A","IMPORTED_SOURCE",1310
"02_SYSTEM/Requirements/SYS-REQ-026.md","A","IMPORTED_SOURCE",1242
"02_SYSTEM/Requirements/SYS-REQ-027.md","A","IMPORTED_SOURCE",1284
"02_SYSTEM/Requirements/SYS-REQ-028.md","A","IMPORTED_SOURCE",938
"02_SYSTEM/Requirements/SYS-REQ-029.md","A","IMPORTED_SOURCE",827
"02_SYSTEM/Requirements/SYS-REQ-030.md","A","IMPORTED_SOURCE",833
"02_SYSTEM/Requirements/SYS-REQ-032.md","A","IMPORTED_SOURCE",2023
"02_SYSTEM/Requirements/SYS-REQ-033.md","A","IMPORTED_SOURCE",2456
"02_SYSTEM/Requirements/SYS-REQ-035.md","A","IMPORTED_SOURCE",1335
"02_SYSTEM/Requirements/SYS-REQ-036.md","A","IMPORTED_SOURCE",1180
"02_SYSTEM/Requirements/SYS-REQ-037.md","A","IMPORTED_SOURCE",806
"02_SYSTEM/Requirements/SYS-REQ-038.md","A","IMPORTED_SOURCE",1425
"02_SYSTEM/Requirements/SYS-REQ-040.md","A","IMPORTED_SOURCE",1852
"02_SYSTEM/Requirements/SYS-REQ-041.md","A","IMPORTED_SOURCE",1851
"02_SYSTEM/Requirements/SYS-REQ-042.md","A","IMPORTED_SOURCE",2059
"02_SYSTEM/Requirements/SYS-REQ-043.md","A","IMPORTED_SOURCE",2066
"02_SYSTEM/Requirements/SYS-REQ-049.md","A","IMPORTED_SOURCE",645
"02_SYSTEM/Requirements/SYS-REQ-050.md","A","IMPORTED_SOURCE",1290
"02_SYSTEM/Requirements/SYS-REQ-051.md","A","IMPORTED_SOURCE",1062
"02_SYSTEM/Requirements/SYS-REQ-052.md","A","IMPORTED_SOURCE",1945
"02_SYSTEM/Requirements/SYS-REQ-053.md","A","IMPORTED_SOURCE",1633
"02_SYSTEM/Requirements/SYS-REQ-054.md","A","IMPORTED_SOURCE",2236
"02_SYSTEM/Requirements/SYS-REQ-055.md","A","IMPORTED_SOURCE",1681
"02_SYSTEM/Requirements/SYS-REQ-059.md","A","IMPORTED_SOURCE",1068
"02_SYSTEM/Requirements/SYS-REQ-060.md","A","IMPORTED_SOURCE",702
"02_SYSTEM/Requirements/SYS-REQ-061.md","A","IMPORTED_SOURCE",822
"02_SYSTEM/Requirements/SYS-REQ-062.md","A","IMPORTED_SOURCE",964
"02_SYSTEM/Requirements/SYS-REQ-063.md","A","IMPORTED_SOURCE",745
"02_SYSTEM/Requirements/SYS-REQ-064.md","A","IMPORTED_SOURCE",993
"02_SYSTEM/Requirements/SYS-REQ-065.md","A","IMPORTED_SOURCE",1037
"02_SYSTEM/Requirements/SYS-REQ-066.md","A","IMPORTED_SOURCE",1001
"02_SYSTEM/Requirements/SYS-REQ-067.md","A","IMPORTED_SOURCE",853
"02_SYSTEM/Requirements/SYS-REQ-068.md","A","IMPORTED_SOURCE",874
"02_SYSTEM/Requirements/SYS-REQ-069.md","A","IMPORTED_SOURCE",888
"02_SYSTEM/Requirements/SYS-REQ-070.md","A","IMPORTED_SOURCE",887
"02_SYSTEM/Requirements/SYS-REQ-071.md","A","IMPORTED_SOURCE",965
"02_SYSTEM/Requirements/SYS-REQ-072.md","A","IMPORTED_SOURCE",637
"02_SYSTEM/Requirements/SYS-REQ-073.md","A","IMPORTED_SOURCE",755
"02_SYSTEM/Requirements/SYS-REQ-074.md","A","IMPORTED_SOURCE",1260
"02_SYSTEM/Requirements/SYS-REQ-075.md","A","IMPORTED_SOURCE",839
"02_SYSTEM/Requirements/SYS-REQ-076.md","A","IMPORTED_SOURCE",739
"02_SYSTEM/Requirements/SYS-REQ-077.md","A","IMPORTED_SOURCE",859
"02_SYSTEM/Requirements/SYS-REQ-078.md","A","IMPORTED_SOURCE",833
"02_SYSTEM/Requirements/SYS-REQ-079.md","A","IMPORTED_SOURCE",613
"02_SYSTEM/Requirements/SYS-REQ-080.md","A","IMPORTED_SOURCE",938
"02_SYSTEM/Requirements/SYS-REQ-081.md","A","IMPORTED_SOURCE",1023
"02_SYSTEM/Requirements/SYS-REQ-082.md","A","IMPORTED_SOURCE",3309
"02_SYSTEM/Requirements/SYS-REQ-083.md","A","IMPORTED_SOURCE",878
"02_SYSTEM/Requirements/SYS-REQ-084.md","A","IMPORTED_SOURCE",860
"02_SYSTEM/Requirements/SYS-REQ-085.md","A","IMPORTED_SOURCE",675
"02_SYSTEM/Requirements/SYS-REQ-086.md","A","IMPORTED_SOURCE",987
"02_SYSTEM/Requirements/SYS-REQ-087.md","A","IMPORTED_SOURCE",933
"02_SYSTEM/Requirements/SYS-REQ-088.md","A","IMPORTED_SOURCE",1154
"02_SYSTEM/Requirements/SYS-REQ-089.md","A","IMPORTED_SOURCE",907
"02_SYSTEM/Requirements/SYS-REQ-090.md","A","IMPORTED_SOURCE",711
"02_SYSTEM/Requirements/SYS-REQ-091.md","A","IMPORTED_SOURCE",748
"02_SYSTEM/Requirements/SYS-REQ-092.md","A","IMPORTED_SOURCE",912
"02_SYSTEM/Requirements/SYS-REQ-093.md","A","IMPORTED_SOURCE",817
"02_SYSTEM/Requirements/SYS-REQ-094.md","A","IMPORTED_SOURCE",985
"02_SYSTEM/Requirements/SYS-REQ-095.md","A","IMPORTED_SOURCE",666
"02_SYSTEM/Requirements/SYS-REQ-096.md","A","IMPORTED_SOURCE",889
"02_SYSTEM/Requirements/SYS-REQ-097.md","A","IMPORTED_SOURCE",918
"02_SYSTEM/Requirements/SYS-REQ-098.md","A","IMPORTED_SOURCE",885
"02_SYSTEM/Requirements/SYS-REQ-099.md","A","IMPORTED_SOURCE",768
"02_SYSTEM/Requirements/SYS-REQ-100.md","A","IMPORTED_SOURCE",729
"02_SYSTEM/Requirements/SYS-REQ-101.md","A","IMPORTED_SOURCE",1222
"02_SYSTEM/Requirements/SYS-REQ-102.md","A","IMPORTED_SOURCE",1136
"02_SYSTEM/Requirements/SYS-REQ-103.md","A","IMPORTED_SOURCE",894
"02_SYSTEM/Requirements/SYS-REQ-104.md","A","IMPORTED_SOURCE",995
"02_SYSTEM/Requirements/SYS-REQ-105.md","A","IMPORTED_SOURCE",1267
"02_SYSTEM/Requirements/SYS-REQ-106.md","A","IMPORTED_SOURCE",963
"02_SYSTEM/Requirements/SYS-REQ-107.md","A","IMPORTED_SOURCE",1029
"02_SYSTEM/Requirements/SYS-REQ-108.md","A","IMPORTED_SOURCE",1176
"02_SYSTEM/Requirements/SYS-REQ-109.md","A","IMPORTED_SOURCE",1387
"02_SYSTEM/Requirements/SYS-REQ-110.md","A","IMPORTED_SOURCE",5965
"02_SYSTEM/Requirements/SYS-REQ-111.md","A","IMPORTED_SOURCE",7707
"02_SYSTEM/Requirements/SYS-REQ-112.md","A","IMPORTED_SOURCE",8614
"02_SYSTEM_DESIGN/ADMINISTRATOR/ADMINISTRATOR_CONFIGURATION_STORAGE_SCHEMA_001.md","A","CANDIDATE",9637
"02_SYSTEM_DESIGN/ADMINISTRATOR/COMPATIBILITY_RULES_ENGINE_BASELINE_001.md","A","CANDIDATE",7133
"02_SYSTEM_DESIGN/ADMINISTRATOR/COMPATIBILITY_RULES_MACHINE_BASELINE_001.md","A","CANDIDATE",8233
"02_SYSTEM_DESIGN/ADMINISTRATOR/COMPATIBILITY_RULES_REFERENCE_DATASET_001.md","A","CANDIDATE",7458
"02_SYSTEM_DESIGN/ADMINISTRATOR/COMPATIBILITY_RULES_REFERENCE_MATRIX_001.md","A","CANDIDATE",6988
"02_SYSTEM_DESIGN/ADMINISTRATOR/UAV_AUTOMATIC_CONFIGURATION_ENGINE_001.md","A","CANDIDATE",7405
"02_SYSTEM_DESIGN/ADMINISTRATOR/UAV_CONFIGURATION_DATA_MODEL_001.md","A","CANDIDATE",5816
"02_SYSTEM_DESIGN/ADMINISTRATOR/UAV_CONFIGURATION_DATA_MODEL_IMPLEMENTATION_BASELINE_001.md","A","CANDIDATE",9414
"02_SYSTEM_DESIGN/ADMINISTRATOR/UAV_CONFIGURATION_REFERENCE_CATALOG_001.md","A","CANDIDATE",15896
"02_SYSTEM_DESIGN/ADMINISTRATOR/UAV_CONFIGURATION_SELECTION_ARCHITECTURE_001.md","A","CANDIDATE",5369
"02_SYSTEM_DESIGN/ADMINISTRATOR/UAV_CUSTOM_CONFIGURATION_EXAMPLE_RULES_001.md","A","CANDIDATE",5629
"02_SYSTEM_DESIGN/ADMINISTRATOR/UAV_CUSTOM_MODEL_MANUAL_CONFIGURATION_001.md","A","CANDIDATE",7713
"02_SYSTEM_DESIGN/ADMINISTRATOR/UAV_OFFICIAL_REFERENCE_CATALOG_EXPANSION_002.md","A","CANDIDATE",10404
"02_SYSTEM_DESIGN/ENERGY/ENERGY_BATTERY_DEGRADATION_MODEL_001.md","A","CANDIDATE",6018
"02_SYSTEM_DESIGN/ENERGY/ENERGY_CANDIDATE_DATASET_TB65_001.md","A","CANDIDATE",5539
"02_SYSTEM_DESIGN/ENERGY/ENERGY_CONSUMPTION_INPUTS_TB65_001.md","A","CANDIDATE",5241
"02_SYSTEM_DESIGN/ENERGY/ENERGY_CONSUMPTION_MODEL_001.md","A","CANDIDATE",6532
"02_SYSTEM_DESIGN/ENERGY/ENERGY_EXTERNAL_SOURCE_PARAMETER_BASELINE_001.md","A","CANDIDATE",7318
"02_SYSTEM_DESIGN/ENERGY/ENERGY_EXTERNAL_SOURCE_RESEARCH_001.md","A","CANDIDATE",7406
"02_SYSTEM_DESIGN/ENERGY/ENERGY_MODEL_BASELINE_001.md","A","CANDIDATE",5333
"02_SYSTEM_DESIGN/ENERGY/ENERGY_MODEL_CHAIN_RECONCILIATION_001.md","A","CANDIDATE",3187
"02_SYSTEM_DESIGN/ENERGY/ENERGY_MODEL_ENGINEERING_PARAMETER_PLAN_001.md","A","CANDIDATE",5229
"02_SYSTEM_DESIGN/ENERGY/ENERGY_MODEL_PARAMETER_QUALIFICATION_PLAN_001.md","A","CANDIDATE",5882
"02_SYSTEM_DESIGN/ENERGY/ENERGY_MODEL_PARAMETER_SOURCE_REGISTER_001.md","A","CANDIDATE",7341
"02_SYSTEM_DESIGN/ENERGY/ENERGY_MODEL_REQUIREMENTS_001.md","A","CANDIDATE",6528
"02_SYSTEM_DESIGN/ENERGY/ENERGY_MODEL_SOURCE_CLOSURE_PASS_001.md","A","CANDIDATE",4528
"02_SYSTEM_DESIGN/ENERGY/ENERGY_MODEL_TRACEABILITY_RECONCILIATION_001.md","A","CANDIDATE",3525
"02_SYSTEM_DESIGN/ENERGY/ENERGY_REFERENCE_PLATFORM_M300_RTK_001.md","A","CANDIDATE",5944
"02_SYSTEM_DESIGN/ENERGY/ENERGY_RETURN_FEASIBILITY_MODEL_001.md","A","CANDIDATE",8020
"02_SYSTEM_DESIGN/ENERGY/ENERGY_UAV_OFFICIAL_TTX_DATASET_001.md","A","CANDIDATE",18656
"02_SYSTEM_DESIGN/INTERFACE/TODAY_AGREED_2026-09-08.md","A","CANDIDATE",14107
"02_SYSTEM_DESIGN/INTERFACE/UAV_DISPLAY_SELECTION_001.md","A","CANDIDATE",7698
"02_SYSTEM_DESIGN/INTERFACE/USER_TOPBAR_001.md","A","CANDIDATE",1737
"02_SYSTEM_DESIGN/MISSION/MISSION_TIME_MODEL_001.md","A","CANDIDATE",8849
"02_SYSTEM_DESIGN/PLANNING/AUTHORIZATION_QUALIFIED_CONSTRAINED_ENVIRONMENT_001.md","A","CANDIDATE",1634
"02_SYSTEM_DESIGN/PLANNING/AUTHORIZATION_READINESS_GATE_001.md","A","CANDIDATE",2135
"02_SYSTEM_DESIGN/PLANNING/CALCULATION_REUSE_AND_CURRENT_BASELINE_001.md","A","CANDIDATE",6072
"02_SYSTEM_DESIGN/PLANNING/CANDIDATE_COMPARISON_OPTIMIZATION_001.md","A","IMPORTED_SOURCE",1542
"02_SYSTEM_DESIGN/PLANNING/CONSTRAINED_OPEN_SPACE_MODEL_001.md","A","CANDIDATE",2414
"02_SYSTEM_DESIGN/PLANNING/CONSTRAINED_ROUTE_GENERATOR_001.md","A","CANDIDATE",856
"02_SYSTEM_DESIGN/PLANNING/CONSTRAINT_VISUALIZATION_ON_FLIGHT_CHART_001.md","A","CANDIDATE",3177
"02_SYSTEM_DESIGN/PLANNING/FINAL_PLANNING_INTEGRITY_CHECK_001.md","A","CANDIDATE",815
"02_SYSTEM_DESIGN/PLANNING/FLIGHT_PLANNING_CANONICAL_ROUTE_MODEL_001.md","A","CANDIDATE",2013
"02_SYSTEM_DESIGN/PLANNING/MULTI_UAV_4D_CONFLICT_SEPARATION_001.md","A","CANDIDATE",1692
"02_SYSTEM_DESIGN/PLANNING/MULTI_UAV_CONFLICT_RESOLUTION_001.md","A","CANDIDATE",3358
"02_SYSTEM_DESIGN/PLANNING/MULTI_UAV_GROUND_CONFLICT_RESOLUTION_001.md","A","CANDIDATE",3543
"02_SYSTEM_DESIGN/PLANNING/MULTI_UAV_START_DELAY_SEQUENCING_001.md","A","CANDIDATE",2169
"02_SYSTEM_DESIGN/PLANNING/MULTI_UAV_ZONAL_ROUTE_DECONFLICTION_001.md","A","CANDIDATE",1906
"02_SYSTEM_DESIGN/PLANNING/MULTI_UAV_ZONAL_ROUTE_GENERATION_001.md","A","CANDIDATE",3423
"02_SYSTEM_DESIGN/PLANNING/NOTAM_PROHIBITED_ZONE_VALIDATION_001.md","A","CANDIDATE",2269
"02_SYSTEM_DESIGN/PLANNING/ROUTE_CONSTRAINT_VALIDATION_BOUNDARY_001.md","A","CANDIDATE",844
"02_SYSTEM_DESIGN/PLANNING/SELECTED_ROUTE_AND_FLIGHT_PROFILE_001.md","A","CANDIDATE",1300
"02_SYSTEM_DESIGN/PLANNING/VEHICLE_SPECIFIC_COMPILATION_001.md","A","CANDIDATE",837
"02_SYSTEM_DESIGN/PLANNING/VERTICAL_LAUNCH_RECOVERY_PLANNING_001.md","A","CANDIDATE",931
"02_SYSTEM_DESIGN/PLANNING/VERTICAL_PROFILE_ROUTE_INTEGRATION_001.md","A","CANDIDATE",724
"02_SYSTEM_DESIGN/PLANNING/WIND_PERFORMANCE_4D_TRAJECTORY_001.md","A","CANDIDATE",2824
"02_SYSTEM_DESIGN/PLANNING/ZONAL_ROUTE_GRAPH_BOUNDARY_001.md","A","CANDIDATE",1103
"03_FLEET/BLUESKY-ADAPTER-REGISTRY-BOUNDARY-001.md","B","REVIEW",5073
"03_FLEET/BLUESKY-ADAPTER-REPOSITORY-CONSISTENCY-CHECK-001.md","B","REVIEW",3279
"03_FLEET/BLUESKY-COMMAND-AUTHORITY-GATE-CONTRACT-001.md","B","REVIEW",4718
"03_FLEET/BLUESKY-COMMAND-LIFECYCLE-CONTRACT-001.md","B","REVIEW",5833
"03_FLEET/BLUESKY_ADAPTER_CONFIGURATION_BASELINE_001.md","B","REVIEW",4048
"03_FLEET/BLUESKY_ADAPTER_CONFORMANCE_CHECKLIST_001.md","B","REVIEW",5742
"03_FLEET/BLUESKY_ADAPTER_CONFORMANCE_MATRIX_001.md","B","REVIEW",5464
"03_FLEET/BLUESKY_ADAPTER_CONTRACT_IMPLEMENTATION_STUB_001.md","B","REVIEW",4246
"03_FLEET/BLUESKY_ADAPTER_CONTRACT_TEST_STUB_001.md","B","REVIEW",5710
"03_FLEET/BLUESKY_ADAPTER_IMPLEMENTATION_STUB_001.md","B","REVIEW",5714
"03_FLEET/BLUESKY_ADAPTER_REGISTRY_BOUNDARY_001.md","B","REVIEW",3976
"03_FLEET/BLUESKY_ADAPTER_REGISTRY_CONTRACT_FIXTURE_001.md","B","REVIEW",3937
"03_FLEET/BLUESKY_ADAPTER_REGISTRY_FIXTURE_001.md","B","REVIEW",3434
"03_FLEET/BLUESKY_ADAPTER_REPOSITORY_CONSISTENCY_CHECK_001.md","B","REVIEW",5737
"03_FLEET/BLUESKY_CANONICAL_VEHICLE_EQUIPMENT_SCHEMA_001.md","B","REVIEW",5730
"03_FLEET/BLUESKY_FLEET_VEHICLE_EQUIPMENT_IMPLEMENTATION_SPEC.md","B","REVIEW",7344
"03_FLEET/BLUESKY_FLEET_VEHICLE_EQUIPMENT_MODEL.md","B","REVIEW",5689
"03_FLEET/BLUESKY_UNIVERSAL_ADAPTER_CONTRACT_001.md","B","REVIEW",4803
"03_SYSTEM/NAVIGATION/NAVIGATION_ALGORITHM.md","B","REVIEW",8765
"03_SYSTEM/NAVIGATION/NAVIGATION_BASELINE_RECONCILIATION.md","B","REVIEW",12989
"03_SYSTEM/NAVIGATION/NAVIGATION_DOCUMENT_MAP.md","B","REVIEW",7134
"03_SYSTEM/NAVIGATION/NAVIGATION_HEADING_MODULE_SPECIFICATION.md","B","REVIEW",14479
"03_SYSTEM/NAVIGATION/NAVIGATION_MATHEMATICAL_SPECIFICATION_001.md","B","REVIEW",11119
"03_SYSTEM/NAVIGATION/NAVIGATION_POSITION_MODULE_SPECIFICATION.md","B","REVIEW",7377
"03_SYSTEM/NAVIGATION/NAVIGATION_RULES.md","B","REVIEW",15325
"03_SYSTEM/NAVIGATION/NAVIGATION_STATE_MODEL.md","B","REVIEW",7016
"03_SYSTEM/NAVIGATION/NAVIGATION_TRACK_COURSE_MODULE_SPECIFICATION.md","B","REVIEW",17632
"03_SYSTEM/NAVIGATION/NAVIGATION_VELOCITY_SPEED_MODULE_SPECIFICATION.md","B","REVIEW",17240
"03_SYSTEM/NAVIGATION/NAVIGATION_WIND_MODULE_SPECIFICATION.md","B","REVIEW",16256
"03_SYSTEM/NAVIGATION/Navigation_Knowledge_Map.md","B","REVIEW",17955
"04_INTEGRATION/BLUESKY_UNIVERSAL_INTEGRATION_LAYER.md","B","REVIEW",5710
"04_SOFTWARE/AI/AI_OFFLINE_CONTINUITY_BOUNDARY_001.md","B","ENGINEERING_SOURCE",1533
"04_SOFTWARE/AI/AI_ORCHESTRATION_INTERFACE_CONTRACT_001.md","B","ENGINEERING_SOURCE",7990
"04_SOFTWARE/AI/AI_ORCHESTRATOR_RUNTIME_BOUNDARY_001.md","B","ENGINEERING_SOURCE",1627
"04_SOFTWARE/AI/AI_RUNTIME_INTEGRATION_BOUNDARY_001.md","B","ENGINEERING_SOURCE",1414
"04_SOFTWARE/AI/AI_RUNTIME_LIFECYCLE_TRACE_BOUNDARY_001.md","B","ENGINEERING_SOURCE",1177
"04_SOFTWARE/AI/AI_RUNTIME_OFFLINE_CONTINUITY_BOUNDARY_001.md","B","ENGINEERING_SOURCE",1705
"04_SOFTWARE/AI/AI_TRACE_PROPOSAL_BOUNDARY_001.md","B","ENGINEERING_SOURCE",879
"04_SOFTWARE/AI/ai_offline_continuity.cpp","G","CODE_REVIEW_REQUIRED",1768
"04_SOFTWARE/AI/ai_offline_continuity.hpp","G","CODE_REVIEW_REQUIRED",1163
"04_SOFTWARE/AI/ai_offline_continuity_test.cpp","G","CODE_REVIEW_REQUIRED",1117
"04_SOFTWARE/AI/ai_orchestration_boundary.hpp","G","CODE_REVIEW_REQUIRED",2021
"04_SOFTWARE/AI/ai_orchestration_boundary_test.cpp","G","CODE_REVIEW_REQUIRED",1456
"04_SOFTWARE/AI/ai_orchestrator.cpp","G","CODE_REVIEW_REQUIRED",2904
"04_SOFTWARE/AI/ai_orchestrator.hpp","G","CODE_REVIEW_REQUIRED",1791
"04_SOFTWARE/AI/ai_orchestrator_test.cpp","G","CODE_REVIEW_REQUIRED",2108
"04_SOFTWARE/AI/ai_proposal_aggregator.cpp","G","CODE_REVIEW_REQUIRED",637
"04_SOFTWARE/AI/ai_proposal_aggregator.hpp","G","CODE_REVIEW_REQUIRED",542
"04_SOFTWARE/AI/ai_proposal_aggregator_test.cpp","G","CODE_REVIEW_REQUIRED",535
"04_SOFTWARE/AI/ai_runtime_continuity.cpp","G","CODE_REVIEW_REQUIRED",2443
"04_SOFTWARE/AI/ai_runtime_continuity.hpp","G","CODE_REVIEW_REQUIRED",1419
"04_SOFTWARE/AI/ai_runtime_continuity_test.cpp","G","CODE_REVIEW_REQUIRED",2725
"04_SOFTWARE/AI/ai_runtime_integration_test.cpp","G","CODE_REVIEW_REQUIRED",4302
"04_SOFTWARE/AI/ai_runtime_lifecycle.cpp","G","CODE_REVIEW_REQUIRED",2289
"04_SOFTWARE/AI/ai_runtime_lifecycle.hpp","G","CODE_REVIEW_REQUIRED",1031
"04_SOFTWARE/AI/ai_runtime_lifecycle_test.cpp","G","CODE_REVIEW_REQUIRED",1991
"04_SOFTWARE/AI/ai_trace_recorder.cpp","G","CODE_REVIEW_REQUIRED",520
"04_SOFTWARE/AI/ai_trace_recorder.hpp","G","CODE_REVIEW_REQUIRED",663
"04_SOFTWARE/AI/ai_trace_recorder_test.cpp","G","CODE_REVIEW_REQUIRED",1113
"04_SOFTWARE/AUTOPILOT_ADAPTER/ARCH-OPS-016_C2_CHANNEL_MANAGER_IMPLEMENTATION.md","B","ENGINEERING_SOURCE",2435
"04_SOFTWARE/AUTOPILOT_ADAPTER/ARCH-OPS-052_SAFETY_RECONCILIATION_STATUS.md","B","ENGINEERING_SOURCE",2753
"04_SOFTWARE/AUTOPILOT_ADAPTER/ARCH-OPS-053_MANUAL_OVERRIDE_AUTHORITY_STATUS.md","B","ENGINEERING_SOURCE",2194
"04_SOFTWARE/AUTOPILOT_ADAPTER/BLUESKY_AUTOPILOT_ADAPTER_IMPLEMENTATION_BASELINE.md","B","ENGINEERING_SOURCE",6624
"04_SOFTWARE/AUTOPILOT_ADAPTER/CMakeLists.txt","B","ENGINEERING_SOURCE",25489
"04_SOFTWARE/AUTOPILOT_ADAPTER/PH4-INT-006_STATUS.md","B","ENGINEERING_SOURCE",812
"04_SOFTWARE/AUTOPILOT_ADAPTER/PH4-INT-008_STATUS.md","B","ENGINEERING_SOURCE",900
"04_SOFTWARE/AUTOPILOT_ADAPTER/PH4-INT-009_STATUS.md","B","ENGINEERING_SOURCE",884
"04_SOFTWARE/AUTOPILOT_ADAPTER/PH4-INT-010_STATUS.md","B","ENGINEERING_SOURCE",1141
"04_SOFTWARE/AUTOPILOT_ADAPTER/PH4-INT-011_STATUS.md","B","ENGINEERING_SOURCE",1273
"04_SOFTWARE/AUTOPILOT_ADAPTER/PH4-INT-012_STATUS.md","B","ENGINEERING_SOURCE",1301
"04_SOFTWARE/AUTOPILOT_ADAPTER/PH4-INT-013_STATUS.md","B","ENGINEERING_SOURCE",1151
"04_SOFTWARE/AUTOPILOT_ADAPTER/PH4-INT-014_STATUS.md","B","ENGINEERING_SOURCE",1061
"04_SOFTWARE/AUTOPILOT_ADAPTER/PH4-INT-015_STATUS.md","B","ENGINEERING_SOURCE",990
"04_SOFTWARE/AUTOPILOT_ADAPTER/PH4-INT-019_STATUS.md","B","ENGINEERING_SOURCE",1212
"04_SOFTWARE/AUTOPILOT_ADAPTER/PH4-INT-022_STATUS.md","B","ENGINEERING_SOURCE",1969
"04_SOFTWARE/AUTOPILOT_ADAPTER/PH4-INT-023_STATUS.md","B","ENGINEERING_SOURCE",2230
"04_SOFTWARE/AUTOPILOT_ADAPTER/PH4-INT-024_STATUS.md","B","ENGINEERING_SOURCE",2226
"04_SOFTWARE/AUTOPILOT_ADAPTER/PH4-INT-025_STATUS.md","B","ENGINEERING_SOURCE",2049
"04_SOFTWARE/AUTOPILOT_ADAPTER/PH4-INT-026_STATUS.md","B","ENGINEERING_SOURCE",2070
"04_SOFTWARE/AUTOPILOT_ADAPTER/PH4-INT-027_STATUS.md","B","ENGINEERING_SOURCE",2406
"04_SOFTWARE/AUTOPILOT_ADAPTER/PH4_INT_005_CMAKE_NOTE.md","B","ENGINEERING_SOURCE",131
"04_SOFTWARE/AUTOPILOT_ADAPTER/PH4_INT_005_FAILURE_PROPAGATION.md","B","ENGINEERING_SOURCE",939
"04_SOFTWARE/AUTOPILOT_ADAPTER/PH4_INT_017_STATUS.md","B","ENGINEERING_SOURCE",2084
"04_SOFTWARE/AUTOPILOT_ADAPTER/PH4_INT_018_STATUS.md","B","ENGINEERING_SOURCE",1533
"04_SOFTWARE/AUTOPILOT_ADAPTER/PH5-AP-001_STATUS.md","B","ENGINEERING_SOURCE",1346
"04_SOFTWARE/AUTOPILOT_ADAPTER/PH5-AP-002_STATUS.md","B","ENGINEERING_SOURCE",1020
"04_SOFTWARE/AUTOPILOT_ADAPTER/contract/BLUESKY_UNIVERSAL_INTEGRATION_EXECUTION_CONTRACT_001.md","B","ENGINEERING_SOURCE",3652
"04_SOFTWARE/AUTOPILOT_ADAPTER/contract/PH4_INT_003_STATUS.md","B","ENGINEERING_SOURCE",768
"04_SOFTWARE/AUTOPILOT_ADAPTER/contract/PH4_INT_004_STATUS.md","B","ENGINEERING_SOURCE",1083
"04_SOFTWARE/AUTOPILOT_ADAPTER/contract/PH4_INT_005_STATUS.md","B","ENGINEERING_SOURCE",1029
"04_SOFTWARE/AUTOPILOT_ADAPTER/contract/PH4_INT_007_STATUS.md","B","ENGINEERING_SOURCE",1341
"04_SOFTWARE/AUTOPILOT_ADAPTER/contract/ph4_int_003_adapter_chain_fixture.py","G","CODE_REVIEW_REQUIRED",1881
"04_SOFTWARE/AUTOPILOT_ADAPTER/contract/test_ph4_int_003_adapter_chain_fixture.py","G","CODE_REVIEW_REQUIRED",699
"04_SOFTWARE/AUTOPILOT_ADAPTER/contract/universal_autopilot_api.yaml","B","ENGINEERING_SOURCE",4074
"04_SOFTWARE/AUTOPILOT_ADAPTER/contract/validate_adapter_chain.py","G","CODE_REVIEW_REQUIRED",6607
"04_SOFTWARE/AUTOPILOT_ADAPTER/contract/validate_integration_execution_contract.py","G","CODE_REVIEW_REQUIRED",2652
"04_SOFTWARE/AUTOPILOT_ADAPTER/core/BLUESKY_C2_COMMUNICATION_BASELINE.md","B","ENGINEERING_SOURCE",1924
"04_SOFTWARE/AUTOPILOT_ADAPTER/core/BLUESKY_COMPATIBILITY_RESOLUTION_BASELINE.md","B","ENGINEERING_SOURCE",5366
"04_SOFTWARE/AUTOPILOT_ADAPTER/core/BLUESKY_MISSION_COMPILER_BASELINE.md","B","ENGINEERING_SOURCE",4942
"04_SOFTWARE/AUTOPILOT_ADAPTER/core/EC01_STATUS.md","B","ENGINEERING_SOURCE",783
"04_SOFTWARE/AUTOPILOT_ADAPTER/core/EC06_STATUS.md","B","ENGINEERING_SOURCE",771
"04_SOFTWARE/AUTOPILOT_ADAPTER/core/EC07_STATUS.md","B","ENGINEERING_SOURCE",793
"04_SOFTWARE/AUTOPILOT_ADAPTER/core/EC08_STATUS.md","B","ENGINEERING_SOURCE",1172
"04_SOFTWARE/AUTOPILOT_ADAPTER/core/EC09_STATUS.md","B","ENGINEERING_SOURCE",1232
"04_SOFTWARE/AUTOPILOT_ADAPTER/core/EC10_STATUS.md","B","ENGINEERING_SOURCE",1031
"04_SOFTWARE/AUTOPILOT_ADAPTER/core/EC11_STATUS.md","B","ENGINEERING_SOURCE",1170
"04_SOFTWARE/AUTOPILOT_ADAPTER/core/EC12_STATUS.md","B","ENGINEERING_SOURCE",1127
"04_SOFTWARE/AUTOPILOT_ADAPTER/core/EC13_STATUS.md","B","ENGINEERING_SOURCE",1058
"04_SOFTWARE/AUTOPILOT_ADAPTER/core/EC16_STATUS.md","B","ENGINEERING_SOURCE",899
"04_SOFTWARE/AUTOPILOT_ADAPTER/core/EC17_STATUS.md","B","ENGINEERING_SOURCE",496
"04_SOFTWARE/AUTOPILOT_ADAPTER/core/EC19_STATUS.md","B","ENGINEERING_SOURCE",368
"04_SOFTWARE/AUTOPILOT_ADAPTER/core/EC20_STATUS.md","B","ENGINEERING_SOURCE",512
"04_SOFTWARE/AUTOPILOT_ADAPTER/core/PH4_INT_002_STATUS.md","B","ENGINEERING_SOURCE",951
"04_SOFTWARE/AUTOPILOT_ADAPTER/core/airspace_geofence_adapter_baseline.cpp","G","CODE_REVIEW_REQUIRED",2616
"04_SOFTWARE/AUTOPILOT_ADAPTER/core/airspace_geofence_adapter_baseline.hpp","G","CODE_REVIEW_REQUIRED",860
"04_SOFTWARE/AUTOPILOT_ADAPTER/core/airspace_geofence_adapter_baseline_test.cpp","G","CODE_REVIEW_REQUIRED",1707
"04_SOFTWARE/AUTOPILOT_ADAPTER/core/ardupilot_mavlink2_reference_adapter.cpp","G","CODE_REVIEW_REQUIRED",1104
"04_SOFTWARE/AUTOPILOT_ADAPTER/core/ardupilot_mavlink2_reference_adapter.hpp","G","CODE_REVIEW_REQUIRED",672
"04_SOFTWARE/AUTOPILOT_ADAPTER/core/autopilot_adapter_baseline.cpp","G","CODE_REVIEW_REQUIRED",8557
"04_SOFTWARE/AUTOPILOT_ADAPTER/core/autopilot_adapter_baseline.hpp","G","CODE_REVIEW_REQUIRED",3206
"04_SOFTWARE/AUTOPILOT_ADAPTER/core/autopilot_adapter_baseline_test.cpp","G","CODE_REVIEW_REQUIRED",1725
"04_SOFTWARE/AUTOPILOT_ADAPTER/core/bluesky_event_hmi_contract.hpp","G","CODE_REVIEW_REQUIRED",959
"04_SOFTWARE/AUTOPILOT_ADAPTER/core/bluesky_event_hmi_contract_test.cpp","G","CODE_REVIEW_REQUIRED",1199
"04_SOFTWARE/AUTOPILOT_ADAPTER/core/c2_channel_manager.hpp","G","CODE_REVIEW_REQUIRED",3941
"04_SOFTWARE/AUTOPILOT_ADAPTER/core/c2_channel_manager_test.cpp","G","CODE_REVIEW_REQUIRED",1532
"04_SOFTWARE/AUTOPILOT_ADAPTER/core/c2_interface_baseline.cpp","G","CODE_REVIEW_REQUIRED",2631
"04_SOFTWARE/AUTOPILOT_ADAPTER/core/c2_interface_baseline.hpp","G","CODE_REVIEW_REQUIRED",945
"04_SOFTWARE/AUTOPILOT_ADAPTER/core/c2_interface_baseline_test.cpp","G","CODE_REVIEW_REQUIRED",1625
"04_SOFTWARE/AUTOPILOT_ADAPTER/core/energy_power_adapter_baseline.cpp","G","CODE_REVIEW_REQUIRED",1878
"04_SOFTWARE/AUTOPILOT_ADAPTER/core/energy_power_adapter_baseline.hpp","G","CODE_REVIEW_REQUIRED",820
"04_SOFTWARE/AUTOPILOT_ADAPTER/core/energy_power_adapter_baseline_test.cpp","G","CODE_REVIEW_REQUIRED",1247
"04_SOFTWARE/AUTOPILOT_ADAPTER/core/equipment_adapter_baseline.cpp","G","CODE_REVIEW_REQUIRED",2561
"04_SOFTWARE/AUTOPILOT_ADAPTER/core/equipment_adapter_baseline.hpp","G","CODE_REVIEW_REQUIRED",1362
"04_SOFTWARE/AUTOPILOT_ADAPTER/core/equipment_adapter_baseline_test.cpp","G","CODE_REVIEW_REQUIRED",1879
"04_SOFTWARE/AUTOPILOT_ADAPTER/core/evidence_source_adapter.hpp","G","CODE_REVIEW_REQUIRED",1643
"04_SOFTWARE/AUTOPILOT_ADAPTER/core/evidence_source_adapter_test.cpp","G","CODE_REVIEW_REQUIRED",3099
"04_SOFTWARE/AUTOPILOT_ADAPTER/core/external_integration_adapter_baseline.cpp","G","CODE_REVIEW_REQUIRED",1612
"04_SOFTWARE/AUTOPILOT_ADAPTER/core/external_integration_adapter_baseline.hpp","G","CODE_REVIEW_REQUIRED",898
"04_SOFTWARE/AUTOPILOT_ADAPTER/core/external_integration_adapter_baseline_test.cpp","G","CODE_REVIEW_REQUIRED",1304
"04_SOFTWARE/AUTOPILOT_ADAPTER/core/fault_recovery_adapter_baseline.cpp","G","CODE_REVIEW_REQUIRED",973
"04_SOFTWARE/AUTOPILOT_ADAPTER/core/fault_recovery_adapter_baseline.hpp","G","CODE_REVIEW_REQUIRED",441
"04_SOFTWARE/AUTOPILOT_ADAPTER/core/fault_recovery_adapter_baseline_test.cpp","G","CODE_REVIEW_REQUIRED",489
"04_SOFTWARE/AUTOPILOT_ADAPTER/core/flight_evidence_recorder.hpp","G","CODE_REVIEW_REQUIRED",4873
"04_SOFTWARE/AUTOPILOT_ADAPTER/core/flight_evidence_recorder_test.cpp","G","CODE_REVIEW_REQUIRED",3173
"04_SOFTWARE/AUTOPILOT_ADAPTER/core/manual_override_authority_gate.cpp","G","CODE_REVIEW_REQUIRED",2801
"04_SOFTWARE/AUTOPILOT_ADAPTER/core/manual_override_authority_gate.hpp","G","CODE_REVIEW_REQUIRED",1104
"04_SOFTWARE/AUTOPILOT_ADAPTER/core/manual_override_authority_gate_test.cpp","G","CODE_REVIEW_REQUIRED",2607
"04_SOFTWARE/AUTOPILOT_ADAPTER/core/measurement_instrument_adapter_baseline.cpp","G","CODE_REVIEW_REQUIRED",1135
"04_SOFTWARE/AUTOPILOT_ADAPTER/core/measurement_instrument_adapter_baseline.hpp","G","CODE_REVIEW_REQUIRED",461
"04_SOFTWARE/AUTOPILOT_ADAPTER/core/measurement_instrument_adapter_baseline_test.cpp","G","CODE_REVIEW_REQUIRED",525
"04_SOFTWARE/AUTOPILOT_ADAPTER/core/navigation_adapter_baseline.cpp","G","CODE_REVIEW_REQUIRED",1762
"04_SOFTWARE/AUTOPILOT_ADAPTER/core/navigation_adapter_baseline.hpp","G","CODE_REVIEW_REQUIRED",841
"04_SOFTWARE/AUTOPILOT_ADAPTER/core/navigation_adapter_baseline_test.cpp","G","CODE_REVIEW_REQUIRED",1927
"04_SOFTWARE/AUTOPILOT_ADAPTER/core/performance_model_adapter_baseline.cpp","G","CODE_REVIEW_REQUIRED",2453
"04_SOFTWARE/AUTOPILOT_ADAPTER/core/performance_model_adapter_baseline.hpp","G","CODE_REVIEW_REQUIRED",884
"04_SOFTWARE/AUTOPILOT_ADAPTER/core/performance_model_adapter_baseline_test.cpp","G","CODE_REVIEW_REQUIRED",1625
"04_SOFTWARE/AUTOPILOT_ADAPTER/core/ph4_int_004_service_interface_fixture.cpp","G","CODE_REVIEW_REQUIRED",2461
"04_SOFTWARE/AUTOPILOT_ADAPTER/core/ph4_int_005_failure_path_fixture.cpp","G","CODE_REVIEW_REQUIRED",2424
"04_SOFTWARE/AUTOPILOT_ADAPTER/core/ph4_int_005_failure_propagation_fixture.cpp","G","CODE_REVIEW_REQUIRED",2463
"04_SOFTWARE/AUTOPILOT_ADAPTER/core/ph4_int_006_evidence_session_chain.py","G","CODE_REVIEW_REQUIRED",3006
"04_SOFTWARE/AUTOPILOT_ADAPTER/core/ph4_int_006_evidence_session_chain_test.py","G","CODE_REVIEW_REQUIRED",409
"04_SOFTWARE/AUTOPILOT_ADAPTER/core/ph4_int_007_direct_result_evidence_bridge.cpp","G","CODE_REVIEW_REQUIRED",3212
"04_SOFTWARE/AUTOPILOT_ADAPTER/core/ph4_int_007_evidence_session_test.py","G","CODE_REVIEW_REQUIRED",3104
"04_SOFTWARE/AUTOPILOT_ADAPTER/core/ph4_int_007_failure_evidence_execution_binding.cpp","G","CODE_REVIEW_REQUIRED",4195
"04_SOFTWARE/AUTOPILOT_ADAPTER/core/ph4_int_009_evidence_source_test.py","G","CODE_REVIEW_REQUIRED",1976
"04_SOFTWARE/AUTOPILOT_ADAPTER/core/ph4_int_009_flight_record_producer.cpp","G","CODE_REVIEW_REQUIRED",588
"04_SOFTWARE/AUTOPILOT_ADAPTER/core/ph4_int_009_flight_record_producer.hpp","G","CODE_REVIEW_REQUIRED",420
"04_SOFTWARE/AUTOPILOT_ADAPTER/core/ph4_int_009_flight_record_producer_test.cpp","G","CODE_REVIEW_REQUIRED",568
"04_SOFTWARE/AUTOPILOT_ADAPTER/core/ph4_int_010_evidence_session_test.py","G","CODE_REVIEW_REQUIRED",2463
"04_SOFTWARE/AUTOPILOT_ADAPTER/core/ph4_int_010_operational_evidence_bridge.cpp","G","CODE_REVIEW_REQUIRED",2420
"04_SOFTWARE/AUTOPILOT_ADAPTER/core/ph4_int_011_evidence_session_test.py","G","CODE_REVIEW_REQUIRED",2573
"04_SOFTWARE/AUTOPILOT_ADAPTER/core/ph4_int_011_flight_record_lifecycle.cpp","G","CODE_REVIEW_REQUIRED",2435
"04_SOFTWARE/AUTOPILOT_ADAPTER/core/ph4_int_011_flight_record_lifecycle.hpp","G","CODE_REVIEW_REQUIRED",1191
"04_SOFTWARE/AUTOPILOT_ADAPTER/core/ph4_int_011_flight_record_lifecycle_bridge.cpp","G","CODE_REVIEW_REQUIRED",2370
"04_SOFTWARE/AUTOPILOT_ADAPTER/core/ph4_int_012_evidence_session_test.py","G","CODE_REVIEW_REQUIRED",3512
"04_SOFTWARE/AUTOPILOT_ADAPTER/core/ph4_int_012_operational_execution_bridge.cpp","G","CODE_REVIEW_REQUIRED",7712
"04_SOFTWARE/AUTOPILOT_ADAPTER/core/ph4_int_013_evidence_session_test.py","G","CODE_REVIEW_REQUIRED",2432
"04_SOFTWARE/AUTOPILOT_ADAPTER/core/ph4_int_013_heterogeneous_adapter_conformance.cpp","G","CODE_REVIEW_REQUIRED",2299
"04_SOFTWARE/AUTOPILOT_ADAPTER/core/ph4_int_014_sil_execution_evidence_test.py","G","CODE_REVIEW_REQUIRED",2175
"04_SOFTWARE/AUTOPILOT_ADAPTER/core/ph4_int_014_sil_execution_source.cpp","G","CODE_REVIEW_REQUIRED",1084
"04_SOFTWARE/AUTOPILOT_ADAPTER/core/ph4_int_014_sil_execution_source.hpp","G","CODE_REVIEW_REQUIRED",678
"04_SOFTWARE/AUTOPILOT_ADAPTER/core/ph4_int_014_sil_execution_source_main.cpp","G","CODE_REVIEW_REQUIRED",1432
"04_SOFTWARE/AUTOPILOT_ADAPTER/core/ph4_int_014_sil_execution_source_test.cpp","G","CODE_REVIEW_REQUIRED",999
"04_SOFTWARE/AUTOPILOT_ADAPTER/core/ph4_int_015_mavlink2_adapter.cpp","G","CODE_REVIEW_REQUIRED",2442
"04_SOFTWARE/AUTOPILOT_ADAPTER/core/ph4_int_015_mavlink2_adapter.hpp","G","CODE_REVIEW_REQUIRED",711
"04_SOFTWARE/AUTOPILOT_ADAPTER/core/ph4_int_015_mavlink2_adapter_test.cpp","G","CODE_REVIEW_REQUIRED",1110
"04_SOFTWARE/AUTOPILOT_ADAPTER/core/ph4_int_016_mavlink2_sil_provenance_fixture.cpp","G","CODE_REVIEW_REQUIRED",1356
"04_SOFTWARE/AUTOPILOT_ADAPTER/core/ph4_int_017_mission_execution_readback_correlation_fixture.cpp","G","CODE_REVIEW_REQUIRED",3811
"04_SOFTWARE/AUTOPILOT_ADAPTER/core/ph4_int_018_negative_path_mission_correlation_fixture.cpp","G","CODE_REVIEW_REQUIRED",3882
"04_SOFTWARE/AUTOPILOT_ADAPTER/core/ph4_int_019_configuration_lifecycle_fixture.cpp","G","CODE_REVIEW_REQUIRED",3163
"04_SOFTWARE/AUTOPILOT_ADAPTER/core/ph4_int_020_c2_lifecycle_correlation_fixture.cpp","G","CODE_REVIEW_REQUIRED",2993
"04_SOFTWARE/AUTOPILOT_ADAPTER/core/ph4_int_021_navigation_lifecycle_correlation_fixture.cpp","G","CODE_REVIEW_REQUIRED",3347
"04_SOFTWARE/AUTOPILOT_ADAPTER/core/ph4_int_022_link_loss_resynchronization_fixture.cpp","G","CODE_REVIEW_REQUIRED",3714
"04_SOFTWARE/AUTOPILOT_ADAPTER/core/ph4_int_023_contingency_command_fixture.cpp","G","CODE_REVIEW_REQUIRED",3493
"04_SOFTWARE/AUTOPILOT_ADAPTER/core/ph4_int_024_log_acquisition_fixture.cpp","G","CODE_REVIEW_REQUIRED",2682
"04_SOFTWARE/AUTOPILOT_ADAPTER/core/ph4_int_025_clean_close_fixture.cpp","G","CODE_REVIEW_REQUIRED",2876
"04_SOFTWARE/AUTOPILOT_ADAPTER/core/ph4_int_026_capability_compatibility_fixture.cpp","G","CODE_REVIEW_REQUIRED",2771
"04_SOFTWARE/AUTOPILOT_ADAPTER/core/ph4_int_027_e2e_lifecycle_fixture.cpp","G","CODE_REVIEW_REQUIRED",3812
"04_SOFTWARE/AUTOPILOT_ADAPTER/core/ph5_ap_001_reference_adapter_test.cpp","G","CODE_REVIEW_REQUIRED",1382
"04_SOFTWARE/AUTOPILOT_ADAPTER/core/ph5_ap_002_reference_adapter_test.cpp","G","CODE_REVIEW_REQUIRED",1340
"04_SOFTWARE/AUTOPILOT_ADAPTER/core/propulsion_adapter_baseline.cpp","G","CODE_REVIEW_REQUIRED",2214
"04_SOFTWARE/AUTOPILOT_ADAPTER/core/propulsion_adapter_baseline.hpp","G","CODE_REVIEW_REQUIRED",859
"04_SOFTWARE/AUTOPILOT_ADAPTER/core/propulsion_adapter_baseline_test.cpp","G","CODE_REVIEW_REQUIRED",1518
"04_SOFTWARE/AUTOPILOT_ADAPTER/core/px4_mavlink2_reference_adapter.cpp","G","CODE_REVIEW_REQUIRED",1050
"04_SOFTWARE/AUTOPILOT_ADAPTER/core/px4_mavlink2_reference_adapter.hpp","G","CODE_REVIEW_REQUIRED",654
"04_SOFTWARE/AUTOPILOT_ADAPTER/core/safety_failsafe_adapter_baseline.cpp","G","CODE_REVIEW_REQUIRED",2049
"04_SOFTWARE/AUTOPILOT_ADAPTER/core/safety_failsafe_adapter_baseline.hpp","G","CODE_REVIEW_REQUIRED",716
"04_SOFTWARE/AUTOPILOT_ADAPTER/core/safety_failsafe_adapter_baseline_test.cpp","G","CODE_REVIEW_REQUIRED",1593
"04_SOFTWARE/AUTOPILOT_ADAPTER/core/safety_reconciliation.cpp","G","CODE_REVIEW_REQUIRED",1878
"04_SOFTWARE/AUTOPILOT_ADAPTER/core/safety_reconciliation.hpp","G","CODE_REVIEW_REQUIRED",1137
"04_SOFTWARE/AUTOPILOT_ADAPTER/core/safety_reconciliation_test.cpp","G","CODE_REVIEW_REQUIRED",1369
"04_SOFTWARE/AUTOPILOT_ADAPTER/core/security_access_adapter_baseline.cpp","G","CODE_REVIEW_REQUIRED",1139
"04_SOFTWARE/AUTOPILOT_ADAPTER/core/security_access_adapter_baseline.hpp","G","CODE_REVIEW_REQUIRED",305
"04_SOFTWARE/AUTOPILOT_ADAPTER/core/security_access_adapter_baseline_test.cpp","G","CODE_REVIEW_REQUIRED",1014
"04_SOFTWARE/AUTOPILOT_ADAPTER/core/time_synchronization_adapter_baseline.cpp","G","CODE_REVIEW_REQUIRED",2259
"04_SOFTWARE/AUTOPILOT_ADAPTER/core/time_synchronization_adapter_baseline.hpp","G","CODE_REVIEW_REQUIRED",885
"04_SOFTWARE/AUTOPILOT_ADAPTER/core/time_synchronization_adapter_baseline_test.cpp","G","CODE_REVIEW_REQUIRED",1362
"04_SOFTWARE/AUTOPILOT_ADAPTER/core/universal_airspace_geofence_adapter.hpp","G","CODE_REVIEW_REQUIRED",1534
"04_SOFTWARE/AUTOPILOT_ADAPTER/core/universal_autopilot_adapter.hpp","G","CODE_REVIEW_REQUIRED",7701
"04_SOFTWARE/AUTOPILOT_ADAPTER/core/universal_autopilot_adapter_contract_test.cpp","G","CODE_REVIEW_REQUIRED",5517
"04_SOFTWARE/AUTOPILOT_ADAPTER/core/universal_c2_interface.hpp","G","CODE_REVIEW_REQUIRED",1689
"04_SOFTWARE/AUTOPILOT_ADAPTER/core/universal_energy_power_adapter.hpp","G","CODE_REVIEW_REQUIRED",1408
"04_SOFTWARE/AUTOPILOT_ADAPTER/core/universal_equipment_adapter.hpp","G","CODE_REVIEW_REQUIRED",2103
"04_SOFTWARE/AUTOPILOT_ADAPTER/core/universal_equipment_adapter_contract_test.cpp","G","CODE_REVIEW_REQUIRED",3541
"04_SOFTWARE/AUTOPILOT_ADAPTER/core/universal_external_integration_adapter.hpp","G","CODE_REVIEW_REQUIRED",1708
"04_SOFTWARE/AUTOPILOT_ADAPTER/core/universal_fault_recovery_adapter.hpp","G","CODE_REVIEW_REQUIRED",1458
"04_SOFTWARE/AUTOPILOT_ADAPTER/core/universal_measurement_instrument_adapter.hpp","G","CODE_REVIEW_REQUIRED",1190
"04_SOFTWARE/AUTOPILOT_ADAPTER/core/universal_navigation_adapter.hpp","G","CODE_REVIEW_REQUIRED",2114
"04_SOFTWARE/AUTOPILOT_ADAPTER/core/universal_performance_model_adapter.hpp","G","CODE_REVIEW_REQUIRED",1574
"04_SOFTWARE/AUTOPILOT_ADAPTER/core/universal_propulsion_adapter.hpp","G","CODE_REVIEW_REQUIRED",1500
"04_SOFTWARE/AUTOPILOT_ADAPTER/core/universal_safety_failsafe_adapter.hpp","G","CODE_REVIEW_REQUIRED",1735
"04_SOFTWARE/AUTOPILOT_ADAPTER/core/universal_security_access_adapter.hpp","G","CODE_REVIEW_REQUIRED",1039
"04_SOFTWARE/AUTOPILOT_ADAPTER/core/universal_time_synchronization_adapter.hpp","G","CODE_REVIEW_REQUIRED",1373
"04_SOFTWARE/AUTOPILOT_ADAPTER/core/universal_weather_adapter.hpp","G","CODE_REVIEW_REQUIRED",1369
"04_SOFTWARE/AUTOPILOT_ADAPTER/core/weather_adapter_baseline.cpp","G","CODE_REVIEW_REQUIRED",2416
"04_SOFTWARE/AUTOPILOT_ADAPTER/core/weather_adapter_baseline.hpp","G","CODE_REVIEW_REQUIRED",811
"04_SOFTWARE/AUTOPILOT_ADAPTER/core/weather_adapter_baseline_test.cpp","G","CODE_REVIEW_REQUIRED",1440
"04_SOFTWARE/AUTOPILOT_ADAPTER/protocols/mavlink/BLUESKY_ARDUPILOT_ADAPTER_BASELINE.md","B","ENGINEERING_SOURCE",3244
"04_SOFTWARE/AUTOPILOT_ADAPTER/protocols/mavlink/BLUESKY_PX4_ADAPTER_BASELINE.md","B","ENGINEERING_SOURCE",4572
"04_SOFTWARE/AUTOPILOT_ADAPTER/protocols/mavlink/MAVLINK_TRANSPORT_BASELINE.md","B","ENGINEERING_SOURCE",2549
"04_SOFTWARE/AUTOPILOT_ADAPTER/verification/EC01_CI_GATE.md","B","ENGINEERING_SOURCE",396
"04_SOFTWARE/AUTOPILOT_ADAPTER/verification/EC01_IMPLEMENTATION_RECONCILIATION.md","B","ENGINEERING_SOURCE",653
"04_SOFTWARE/AUTOPILOT_ADAPTER/verification/EC02_IMPLEMENTATION_RECONCILIATION.md","B","ENGINEERING_SOURCE",577
"04_SOFTWARE/AUTOPILOT_ADAPTER/verification/EC03_STATUS.md","B","ENGINEERING_SOURCE",847
"04_SOFTWARE/AUTOPILOT_ADAPTER/verification/EC14_CONFLICT_RESOLUTION.md","B","ENGINEERING_SOURCE",798
"04_SOFTWARE/AUTOPILOT_ADAPTER/verification/EC14_P0_STATUS.md","B","ENGINEERING_SOURCE",568
"04_SOFTWARE/AUTOPILOT_ADAPTER/verification/EVIDENCE_CHAIN_CATALOG.md","B","ENGINEERING_SOURCE",12610
"04_SOFTWARE/AUTOPILOT_ADAPTER/verification/EVIDENCE_COVERAGE_GAP_AUDIT.md","B","ENGINEERING_SOURCE",11025
"04_SOFTWARE/AUTOPILOT_ADAPTER/verification/EVIDENCE_SOURCE_CHANNEL_REGISTRY.md","B","ENGINEERING_SOURCE",6470
"04_SOFTWARE/AUTOPILOT_ADAPTER/verification/FLIGHT_EVIDENCE_SESSION_CONTRACT.md","B","ENGINEERING_SOURCE",1671
"04_SOFTWARE/AUTOPILOT_ADAPTER/verification/PH4_INT_019_STATUS.md","B","ENGINEERING_SOURCE",1201
"04_SOFTWARE/AUTOPILOT_ADAPTER/verification/PH4_INT_020_STATUS.md","B","ENGINEERING_SOURCE",1377
"04_SOFTWARE/AUTOPILOT_ADAPTER/verification/PH4_INT_021_STATUS.md","B","ENGINEERING_SOURCE",1503
"04_SOFTWARE/AUTOPILOT_ADAPTER/verification/PHYSICAL_TEST_READINESS.md","B","ENGINEERING_SOURCE",2721
"04_SOFTWARE/AUTOPILOT_ADAPTER/verification/README_P0.md","B","ENGINEERING_SOURCE",32
"04_SOFTWARE/AUTOPILOT_ADAPTER/verification/SOFTWARE_CONFIGURATION_BASELINE.md","B","ENGINEERING_SOURCE",3013
"04_SOFTWARE/AUTOPILOT_ADAPTER/verification/TEST_METHOD_CERTIFICATION_EVIDENCE_RECORD.md","B","ENGINEERING_SOURCE",3132
"04_SOFTWARE/AUTOPILOT_ADAPTER/verification/VERIFICATION_DATA_LIFECYCLE.md","B","ENGINEERING_SOURCE",12903
"04_SOFTWARE/AUTOPILOT_ADAPTER/verification/VERIFICATION_EVIDENCE_FRAMEWORK.md","B","ENGINEERING_SOURCE",11966
"04_SOFTWARE/AUTOPILOT_ADAPTER/verification/VERIFICATION_EVIDENCE_INTEGRATION_CONTRACT.md","B","ENGINEERING_SOURCE",5888
"04_SOFTWARE/AUTOPILOT_ADAPTER/verification/certification_export.py","G","CODE_REVIEW_REQUIRED",3665
"04_SOFTWARE/AUTOPILOT_ADAPTER/verification/demo_evidence_pipeline.py","G","CODE_REVIEW_REQUIRED",1644
"04_SOFTWARE/AUTOPILOT_ADAPTER/verification/evidence_adapter.py","G","CODE_REVIEW_REQUIRED",3264
"04_SOFTWARE/AUTOPILOT_ADAPTER/verification/evidence_capture.py","G","CODE_REVIEW_REQUIRED",3855
"04_SOFTWARE/AUTOPILOT_ADAPTER/verification/evidence_ingestor.py","G","CODE_REVIEW_REQUIRED",1217
"04_SOFTWARE/AUTOPILOT_ADAPTER/verification/evidence_package_validator.py","G","CODE_REVIEW_REQUIRED",5393
"04_SOFTWARE/AUTOPILOT_ADAPTER/verification/evidence_record.schema.json","B","ENGINEERING_SOURCE",1677
"04_SOFTWARE/AUTOPILOT_ADAPTER/verification/evidence_recorder.py","G","CODE_REVIEW_REQUIRED",5668
"04_SOFTWARE/AUTOPILOT_ADAPTER/verification/evidence_session.py","G","CODE_REVIEW_REQUIRED",6045
"04_SOFTWARE/AUTOPILOT_ADAPTER/verification/evidence_source_adapter_factory.py","G","CODE_REVIEW_REQUIRED",1796
"04_SOFTWARE/AUTOPILOT_ADAPTER/verification/evidence_source_registry.py","G","CODE_REVIEW_REQUIRED",3518
"04_SOFTWARE/AUTOPILOT_ADAPTER/verification/flight_evidence_bridge.py","G","CODE_REVIEW_REQUIRED",2423
"04_SOFTWARE/AUTOPILOT_ADAPTER/verification/ph4_int_017_mission_execution_readback_correlation_test.py","G","CODE_REVIEW_REQUIRED",5981
"04_SOFTWARE/AUTOPILOT_ADAPTER/verification/ph4_int_018_negative_path_mission_correlation_test.py","G","CODE_REVIEW_REQUIRED",6123
"04_SOFTWARE/AUTOPILOT_ADAPTER/verification/ph4_int_019_configuration_lifecycle_test.py","G","CODE_REVIEW_REQUIRED",4942
"04_SOFTWARE/AUTOPILOT_ADAPTER/verification/ph4_int_020_c2_lifecycle_correlation_test.py","G","CODE_REVIEW_REQUIRED",4445
"04_SOFTWARE/AUTOPILOT_ADAPTER/verification/ph4_int_021_navigation_lifecycle_correlation_test.py","G","CODE_REVIEW_REQUIRED",5285
"04_SOFTWARE/AUTOPILOT_ADAPTER/verification/software_configuration_baseline.json","B","ENGINEERING_SOURCE",449
"04_SOFTWARE/AUTOPILOT_ADAPTER/verification/test_certification_export.py","G","CODE_REVIEW_REQUIRED",1675
"04_SOFTWARE/AUTOPILOT_ADAPTER/verification/test_certification_export_validation.py","G","CODE_REVIEW_REQUIRED",2717
"04_SOFTWARE/AUTOPILOT_ADAPTER/verification/test_evidence_adapter.py","G","CODE_REVIEW_REQUIRED",1980
"04_SOFTWARE/AUTOPILOT_ADAPTER/verification/test_evidence_capture.py","G","CODE_REVIEW_REQUIRED",1647
"04_SOFTWARE/AUTOPILOT_ADAPTER/verification/test_evidence_event_schema.py","G","CODE_REVIEW_REQUIRED",1067
"04_SOFTWARE/AUTOPILOT_ADAPTER/verification/test_evidence_ingestor.py","G","CODE_REVIEW_REQUIRED",1469
"04_SOFTWARE/AUTOPILOT_ADAPTER/verification/test_evidence_package_validator.py","G","CODE_REVIEW_REQUIRED",3026
"04_SOFTWARE/AUTOPILOT_ADAPTER/verification/test_evidence_recorder.py","G","CODE_REVIEW_REQUIRED",2077
"04_SOFTWARE/AUTOPILOT_ADAPTER/verification/test_evidence_session.py","G","CODE_REVIEW_REQUIRED",3829
"04_SOFTWARE/AUTOPILOT_ADAPTER/verification/test_evidence_session_package.py","G","CODE_REVIEW_REQUIRED",2079
"04_SOFTWARE/AUTOPILOT_ADAPTER/verification/test_evidence_source_adapter_factory.py","G","CODE_REVIEW_REQUIRED",1557
"04_SOFTWARE/AUTOPILOT_ADAPTER/verification/test_flight_evidence_bridge.py","G","CODE_REVIEW_REQUIRED",2143
"04_SOFTWARE/AUTOPILOT_ADAPTER/verification/test_ph4_int_021_navigation_lifecycle_correlation.py","G","CODE_REVIEW_REQUIRED",188
"04_SOFTWARE/AUTOPILOT_ADAPTER/verification/test_ph4_int_022_link_loss_resynchronization.py","G","CODE_REVIEW_REQUIRED",4570
"04_SOFTWARE/AUTOPILOT_ADAPTER/verification/test_ph4_int_023_contingency_command.py","G","CODE_REVIEW_REQUIRED",4534
"04_SOFTWARE/AUTOPILOT_ADAPTER/verification/test_ph4_int_024_log_acquisition.py","G","CODE_REVIEW_REQUIRED",4397
"04_SOFTWARE/AUTOPILOT_ADAPTER/verification/test_ph4_int_025_clean_close.py","G","CODE_REVIEW_REQUIRED",3521
"04_SOFTWARE/AUTOPILOT_ADAPTER/verification/test_ph4_int_026_capability_compatibility.py","G","CODE_REVIEW_REQUIRED",4058
"04_SOFTWARE/AUTOPILOT_ADAPTER/verification/test_ph4_int_027_e2e_lifecycle.py","G","CODE_REVIEW_REQUIRED",4481
"04_SOFTWARE/Architecture/ARCH-001.md","B","ENGINEERING_SOURCE",400
"04_SOFTWARE/Architecture/ARCH-002.md","B","ENGINEERING_SOURCE",408
"04_SOFTWARE/Architecture/ARCH-003.md","B","ENGINEERING_SOURCE",388
"04_SOFTWARE/Architecture/ARCH-004.md","B","ENGINEERING_SOURCE",404
"04_SOFTWARE/Architecture/ARCH-005.md","B","ENGINEERING_SOURCE",406
"04_SOFTWARE/Architecture/ARCH-006.md","B","ENGINEERING_SOURCE",408
"04_SOFTWARE/Architecture/ARCH-007.md","B","ENGINEERING_SOURCE",408
"04_SOFTWARE/Architecture/ARCH-008.md","B","ENGINEERING_SOURCE",390
"04_SOFTWARE/Architecture/ARCH-009.md","B","ENGINEERING_SOURCE",408
"04_SOFTWARE/Architecture/ARCH-010.md","B","ENGINEERING_SOURCE",396
"04_SOFTWARE/Architecture/ARCH-011.md","B","ENGINEERING_SOURCE",408
"04_SOFTWARE/Architecture/ARCH-012.md","B","ENGINEERING_SOURCE",416
"04_SOFTWARE/Architecture/ARCH-013.md","B","ENGINEERING_SOURCE",382
"04_SOFTWARE/Architecture/ARCH-014.md","B","ENGINEERING_SOURCE",404
"04_SOFTWARE/Architecture/ARCH-015.md","B","ENGINEERING_SOURCE",432
"04_SOFTWARE/Architecture/ARCH-016.md","B","ENGINEERING_SOURCE",430
"04_SOFTWARE/Architecture/ARCH-017.md","B","ENGINEERING_SOURCE",396
"04_SOFTWARE/Architecture/ARCH-018.md","B","ENGINEERING_SOURCE",416
"04_SOFTWARE/Architecture/ARCH-019.md","B","ENGINEERING_SOURCE",418
"04_SOFTWARE/Architecture/ARCH-020.md","B","ENGINEERING_SOURCE",414
"04_SOFTWARE/COMMON/journal/TEST_PLAN_001.md","B","ENGINEERING_SOURCE",294
"04_SOFTWARE/COMMON/journal/journal_event.hpp","G","CODE_REVIEW_REQUIRED",539
"04_SOFTWARE/COMMON/journal/journal_service.cpp","G","CODE_REVIEW_REQUIRED",403
"04_SOFTWARE/COMMON/journal/journal_service.hpp","G","CODE_REVIEW_REQUIRED",300
"04_SOFTWARE/COMMON/journal/journal_service_test.cpp","G","CODE_REVIEW_REQUIRED",1178
"04_SOFTWARE/COMMON/journal/journal_store.hpp","G","CODE_REVIEW_REQUIRED",309
"04_SOFTWARE/COMMON/journal/journal_store_memory.cpp","G","CODE_REVIEW_REQUIRED",296
"04_SOFTWARE/COMMON/journal/journal_store_memory.hpp","G","CODE_REVIEW_REQUIRED",329
"04_SOFTWARE/Design/DES-001.md","B","ENGINEERING_SOURCE",347
"04_SOFTWARE/Design/DES-002.md","B","ENGINEERING_SOURCE",355
"04_SOFTWARE/Design/DES-003.md","B","ENGINEERING_SOURCE",335
"04_SOFTWARE/Design/DES-004.md","B","ENGINEERING_SOURCE",351
"04_SOFTWARE/Design/DES-005.md","B","ENGINEERING_SOURCE",353
"04_SOFTWARE/Design/DES-006.md","B","ENGINEERING_SOURCE",355
"04_SOFTWARE/Design/DES-007.md","B","ENGINEERING_SOURCE",347
"04_SOFTWARE/Design/DES-008.md","B","ENGINEERING_SOURCE",337
"04_SOFTWARE/Design/DES-009.md","B","ENGINEERING_SOURCE",355
"04_SOFTWARE/Design/DES-010.md","B","ENGINEERING_SOURCE",343
"04_SOFTWARE/Design/DES-011.md","B","ENGINEERING_SOURCE",355
"04_SOFTWARE/Design/DES-012.md","B","ENGINEERING_SOURCE",355
"04_SOFTWARE/Design/DES-013.md","B","ENGINEERING_SOURCE",329
"04_SOFTWARE/Design/DES-014.md","B","ENGINEERING_SOURCE",351
"04_SOFTWARE/Design/DES-015.md","B","ENGINEERING_SOURCE",379
"04_SOFTWARE/Design/DES-016.md","B","ENGINEERING_SOURCE",377
"04_SOFTWARE/Design/DES-017.md","B","ENGINEERING_SOURCE",384
"04_SOFTWARE/Design/DES-018.md","B","ENGINEERING_SOURCE",362
"04_SOFTWARE/Design/DES-019.md","B","ENGINEERING_SOURCE",364
"04_SOFTWARE/Design/DES-020.md","B","ENGINEERING_SOURCE",360
"04_SOFTWARE/INSURANCE/INSURANCE_PREFLIGHT_BOUNDARY_001.md","B","ENGINEERING_SOURCE",1754
"04_SOFTWARE/INSURANCE/INSURANCE_READINESS_GATE_BOUNDARY_001.md","B","ENGINEERING_SOURCE",1222
"04_SOFTWARE/INSURANCE/INSURANCE_UAV_HISTORY_BOUNDARY_001.md","B","ENGINEERING_SOURCE",1300
"04_SOFTWARE/INSURANCE/insurance_battery_lifecycle.cpp","G","CODE_REVIEW_REQUIRED",3934
"04_SOFTWARE/INSURANCE/insurance_battery_lifecycle.hpp","G","CODE_REVIEW_REQUIRED",1661
"04_SOFTWARE/INSURANCE/insurance_battery_lifecycle_test.cpp","G","CODE_REVIEW_REQUIRED",1494
"04_SOFTWARE/INSURANCE/insurance_component_lifecycle.cpp","G","CODE_REVIEW_REQUIRED",3450
"04_SOFTWARE/INSURANCE/insurance_component_lifecycle.hpp","G","CODE_REVIEW_REQUIRED",2075
"04_SOFTWARE/INSURANCE/insurance_component_lifecycle_test.cpp","G","CODE_REVIEW_REQUIRED",1515
"04_SOFTWARE/INSURANCE/insurance_preflight_engine.cpp","G","CODE_REVIEW_REQUIRED",7818
"04_SOFTWARE/INSURANCE/insurance_preflight_engine.hpp","G","CODE_REVIEW_REQUIRED",4872
"04_SOFTWARE/INSURANCE/insurance_preflight_engine_test.cpp","G","CODE_REVIEW_REQUIRED",4409
"04_SOFTWARE/INSURANCE/insurance_readiness_gate.hpp","G","CODE_REVIEW_REQUIRED",917
"04_SOFTWARE/INSURANCE/insurance_readiness_gate_test.cpp","G","CODE_REVIEW_REQUIRED",1390
"04_SOFTWARE/INSURANCE/insurance_risk_calculator.cpp","G","CODE_REVIEW_REQUIRED",6276
"04_SOFTWARE/INSURANCE/insurance_risk_calculator.hpp","G","CODE_REVIEW_REQUIRED",1141
"04_SOFTWARE/INSURANCE/insurance_risk_calculator_test.cpp","G","CODE_REVIEW_REQUIRED",2647
"04_SOFTWARE/INSURANCE/insurance_risk_source_adapter.cpp","G","CODE_REVIEW_REQUIRED",2566
"04_SOFTWARE/INSURANCE/insurance_risk_source_adapter.hpp","G","CODE_REVIEW_REQUIRED",1643
"04_SOFTWARE/INSURANCE/insurance_risk_source_adapter_test.cpp","G","CODE_REVIEW_REQUIRED",816
"04_SOFTWARE/INSURANCE/insurance_risk_temporal.cpp","G","CODE_REVIEW_REQUIRED",10060
"04_SOFTWARE/INSURANCE/insurance_risk_temporal.hpp","G","CODE_REVIEW_REQUIRED",1600
"04_SOFTWARE/INSURANCE/insurance_risk_temporal_test.cpp","G","CODE_REVIEW_REQUIRED",3021
"04_SOFTWARE/INSURANCE/insurance_uav_history.cpp","G","CODE_REVIEW_REQUIRED",3465
"04_SOFTWARE/INSURANCE/insurance_uav_history.hpp","G","CODE_REVIEW_REQUIRED",2989
"04_SOFTWARE/INSURANCE/insurance_uav_history_test.cpp","G","CODE_REVIEW_REQUIRED",2465
"04_SOFTWARE/INSURANCE/insurance_uav_risk_vector.cpp","G","CODE_REVIEW_REQUIRED",1889
"04_SOFTWARE/INSURANCE/insurance_uav_risk_vector.hpp","G","CODE_REVIEW_REQUIRED",2397
"04_SOFTWARE/INSURANCE/insurance_uav_risk_vector_test.cpp","G","CODE_REVIEW_REQUIRED",1411
"04_SOFTWARE/Modules/MOD-001.md","B","ENGINEERING_SOURCE",358
"04_SOFTWARE/Modules/MOD-002.md","B","ENGINEERING_SOURCE",366
"04_SOFTWARE/Modules/MOD-003.md","B","ENGINEERING_SOURCE",346
"04_SOFTWARE/Modules/MOD-004.md","B","ENGINEERING_SOURCE",362
"04_SOFTWARE/Modules/MOD-005.md","B","ENGINEERING_SOURCE",364
"04_SOFTWARE/Modules/MOD-006.md","B","ENGINEERING_SOURCE",366
"04_SOFTWARE/Modules/MOD-007.md","B","ENGINEERING_SOURCE",358
"04_SOFTWARE/Modules/MOD-008.md","B","ENGINEERING_SOURCE",348
"04_SOFTWARE/Modules/MOD-009.md","B","ENGINEERING_SOURCE",366
"04_SOFTWARE/Modules/MOD-010.md","B","ENGINEERING_SOURCE",354
"04_SOFTWARE/Modules/MOD-011.md","B","ENGINEERING_SOURCE",366
"04_SOFTWARE/Modules/MOD-012.md","B","ENGINEERING_SOURCE",366
"04_SOFTWARE/Modules/MOD-013.md","B","ENGINEERING_SOURCE",340
"04_SOFTWARE/Modules/MOD-014.md","B","ENGINEERING_SOURCE",362
"04_SOFTWARE/Modules/MOD-015.md","B","ENGINEERING_SOURCE",390
"04_SOFTWARE/Modules/MOD-016.md","B","ENGINEERING_SOURCE",388
"04_SOFTWARE/Modules/MOD-017.md","B","ENGINEERING_SOURCE",396
"04_SOFTWARE/Modules/MOD-018.md","B","ENGINEERING_SOURCE",374
"04_SOFTWARE/Modules/MOD-019.md","B","ENGINEERING_SOURCE",376
"04_SOFTWARE/Modules/MOD-020.md","B","ENGINEERING_SOURCE",372
"04_SOFTWARE/OPERATIONS/ARCH-OPS-022_STATUS.md","B","ENGINEERING_SOURCE",1102
"04_SOFTWARE/OPERATIONS/ARCH-OPS-023_STATUS.md","B","ENGINEERING_SOURCE",2143
"04_SOFTWARE/OPERATIONS/ARCH-OPS-024_STATUS.md","B","ENGINEERING_SOURCE",902
"04_SOFTWARE/OPERATIONS/ARCH-OPS-025_STATUS.md","B","ENGINEERING_SOURCE",799
"04_SOFTWARE/OPERATIONS/ARCH-OPS-026_STATUS.md","B","ENGINEERING_SOURCE",1353
"04_SOFTWARE/OPERATIONS/ARCH-OPS-027_STATUS.md","B","ENGINEERING_SOURCE",1434
"04_SOFTWARE/OPERATIONS/ARCH-OPS-028_STATUS.md","B","ENGINEERING_SOURCE",1035
"04_SOFTWARE/OPERATIONS/ARCH-OPS-029_STATUS.md","B","ENGINEERING_SOURCE",1225
"04_SOFTWARE/OPERATIONS/ARCH-OPS-030_STATUS.md","B","ENGINEERING_SOURCE",1015
"04_SOFTWARE/OPERATIONS/ARCH-OPS-031_STATUS.md","B","ENGINEERING_SOURCE",1247
"04_SOFTWARE/OPERATIONS/ARCH-OPS-032_STATUS.md","B","ENGINEERING_SOURCE",1311
"04_SOFTWARE/OPERATIONS/ARCH-OPS-033_STATUS.md","B","ENGINEERING_SOURCE",1271
"04_SOFTWARE/OPERATIONS/ARCH-OPS-034_STATUS.md","B","ENGINEERING_SOURCE",1070
"04_SOFTWARE/OPERATIONS/ARCH-OPS-035_STATUS.md","B","ENGINEERING_SOURCE",1515
"04_SOFTWARE/OPERATIONS/ARCH-OPS-036_STATUS.md","B","ENGINEERING_SOURCE",791
"04_SOFTWARE/OPERATIONS/ARCH-OPS-037_STATUS.md","B","ENGINEERING_SOURCE",1215
"04_SOFTWARE/OPERATIONS/ARCH-OPS-038_STATUS.md","B","ENGINEERING_SOURCE",1082
"04_SOFTWARE/OPERATIONS/ARCH-OPS-039_STATUS.md","B","ENGINEERING_SOURCE",1226
"04_SOFTWARE/OPERATIONS/ARCH-OPS-040_STATUS.md","B","ENGINEERING_SOURCE",877
"04_SOFTWARE/OPERATIONS/ARCH-OPS-041_STATUS.md","B","ENGINEERING_SOURCE",852
"04_SOFTWARE/OPERATIONS/ARCH-OPS-042_STATUS.md","B","ENGINEERING_SOURCE",954
"04_SOFTWARE/OPERATIONS/ARCH-OPS-043_STATUS.md","B","ENGINEERING_SOURCE",922
"04_SOFTWARE/OPERATIONS/ARCH-OPS-044_STATUS.md","B","ENGINEERING_SOURCE",762
"04_SOFTWARE/OPERATIONS/ARCH-OPS-045_STATUS.md","B","ENGINEERING_SOURCE",643
"04_SOFTWARE/OPERATIONS/ARCH-OPS-046_STATUS.md","B","ENGINEERING_SOURCE",715
"04_SOFTWARE/OPERATIONS/ARCH-OPS-047_STATUS.md","B","ENGINEERING_SOURCE",568
"04_SOFTWARE/OPERATIONS/ARCH-OPS-048_STATUS.md","B","ENGINEERING_SOURCE",721
"04_SOFTWARE/OPERATIONS/ARCH-OPS-049_STATUS.md","B","ENGINEERING_SOURCE",696
"04_SOFTWARE/OPERATIONS/ARCH-OPS-050_STATUS.md","B","ENGINEERING_SOURCE",658
"04_SOFTWARE/OPERATIONS/ARCH-OPS-051_STATUS.md","B","ENGINEERING_SOURCE",839
"04_SOFTWARE/OPERATIONS/BLUESKY_NORMALIZED_TELEMETRY_STATE_001.md","B","ENGINEERING_SOURCE",2601
"04_SOFTWARE/OPERATIONS/BLUESKY_OPERATIONAL_ORCHESTRATOR_AUTHORITY_AUTOMATION_RESOLUTION_001.md","B","ENGINEERING_SOURCE",1266
"04_SOFTWARE/OPERATIONS/BLUESKY_OPERATIONAL_ORCHESTRATOR_AUTHORITY_AUTOMATION_RESOLUTION_CONTRACT_001.md","B","ENGINEERING_SOURCE",3572
"04_SOFTWARE/OPERATIONS/BLUESKY_OPERATIONAL_ORCHESTRATOR_DECISION_EVIDENCE_001.md","B","ENGINEERING_SOURCE",1510
"04_SOFTWARE/OPERATIONS/BLUESKY_OPERATIONAL_ORCHESTRATOR_DECISION_PIPELINE_001.md","B","ENGINEERING_SOURCE",2430
"04_SOFTWARE/OPERATIONS/BLUESKY_OPERATIONAL_ORCHESTRATOR_INTEGRATION_CONTRACT_001.md","B","ENGINEERING_SOURCE",11486
"04_SOFTWARE/OPERATIONS/BLUESKY_OPERATIONAL_ORCHESTRATOR_MISSION_ADAPTATION_001.md","B","ENGINEERING_SOURCE",3545
"04_SOFTWARE/OPERATIONS/BLUESKY_OPERATIONAL_ORCHESTRATOR_NEXT_ACTION_SELECTION_001.md","B","ENGINEERING_SOURCE",1765
"04_SOFTWARE/OPERATIONS/BLUESKY_OPERATIONAL_ORCHESTRATOR_RUNTIME_CONTEXT_001.md","B","ENGINEERING_SOURCE",4254
"04_SOFTWARE/OPERATIONS/CMakeLists.txt","B","ENGINEERING_SOURCE",12979
"04_SOFTWARE/OPERATIONS/PH4_INT_006_STATUS.md","B","ENGINEERING_SOURCE",1194
"04_SOFTWARE/OPERATIONS/core/authority_automation_resolution.hpp","G","CODE_REVIEW_REQUIRED",2736
"04_SOFTWARE/OPERATIONS/core/authority_automation_resolution_test.cpp","G","CODE_REVIEW_REQUIRED",2107
"04_SOFTWARE/OPERATIONS/core/c2_link_runtime_bridge.cpp","G","CODE_REVIEW_REQUIRED",2982
"04_SOFTWARE/OPERATIONS/core/c2_link_runtime_bridge.hpp","G","CODE_REVIEW_REQUIRED",963
"04_SOFTWARE/OPERATIONS/core/c2_link_runtime_bridge_test.cpp","G","CODE_REVIEW_REQUIRED",4608
"04_SOFTWARE/OPERATIONS/core/capability_admission_boundary.cpp","G","CODE_REVIEW_REQUIRED",1939
"04_SOFTWARE/OPERATIONS/core/capability_admission_boundary.hpp","G","CODE_REVIEW_REQUIRED",1013
"04_SOFTWARE/OPERATIONS/core/capability_admission_boundary_test.cpp","G","CODE_REVIEW_REQUIRED",2794
"04_SOFTWARE/OPERATIONS/core/capability_compatibility_gate.cpp","G","CODE_REVIEW_REQUIRED",2063
"04_SOFTWARE/OPERATIONS/core/capability_compatibility_gate.hpp","G","CODE_REVIEW_REQUIRED",911
"04_SOFTWARE/OPERATIONS/core/capability_compatibility_gate_test.cpp","G","CODE_REVIEW_REQUIRED",2446
"04_SOFTWARE/OPERATIONS/core/capability_discovery_boundary.cpp","G","CODE_REVIEW_REQUIRED",2179
"04_SOFTWARE/OPERATIONS/core/capability_discovery_boundary.hpp","G","CODE_REVIEW_REQUIRED",1007
"04_SOFTWARE/OPERATIONS/core/capability_discovery_boundary_test.cpp","G","CODE_REVIEW_REQUIRED",2106
"04_SOFTWARE/OPERATIONS/core/device_capability_runtime.cpp","G","CODE_REVIEW_REQUIRED",3940
"04_SOFTWARE/OPERATIONS/core/device_capability_runtime.hpp","G","CODE_REVIEW_REQUIRED",1389
"04_SOFTWARE/OPERATIONS/core/device_capability_runtime_test.cpp","G","CODE_REVIEW_REQUIRED",2596
"04_SOFTWARE/OPERATIONS/core/device_identity_runtime.cpp","G","CODE_REVIEW_REQUIRED",2910
"04_SOFTWARE/OPERATIONS/core/device_identity_runtime.hpp","G","CODE_REVIEW_REQUIRED",1278
"04_SOFTWARE/OPERATIONS/core/device_identity_runtime_test.cpp","G","CODE_REVIEW_REQUIRED",2406
"04_SOFTWARE/OPERATIONS/core/dynamic_readiness_action_graph.hpp","G","CODE_REVIEW_REQUIRED",1911
"04_SOFTWARE/OPERATIONS/core/dynamic_readiness_action_graph_test.cpp","G","CODE_REVIEW_REQUIRED",2467
"04_SOFTWARE/OPERATIONS/core/external_operational_request_execution.cpp","G","CODE_REVIEW_REQUIRED",2171
"04_SOFTWARE/OPERATIONS/core/external_operational_request_execution.hpp","G","CODE_REVIEW_REQUIRED",889
"04_SOFTWARE/OPERATIONS/core/external_operational_request_execution_test.cpp","G","CODE_REVIEW_REQUIRED",6210
"04_SOFTWARE/OPERATIONS/core/external_operational_request_intake.cpp","G","CODE_REVIEW_REQUIRED",1644
"04_SOFTWARE/OPERATIONS/core/external_operational_request_intake.hpp","G","CODE_REVIEW_REQUIRED",897
"04_SOFTWARE/OPERATIONS/core/external_operational_request_intake_test.cpp","G","CODE_REVIEW_REQUIRED",2932
"04_SOFTWARE/OPERATIONS/core/fleet_addressing_runtime.cpp","G","CODE_REVIEW_REQUIRED",2663
"04_SOFTWARE/OPERATIONS/core/fleet_addressing_runtime.hpp","G","CODE_REVIEW_REQUIRED",1135
"04_SOFTWARE/OPERATIONS/core/fleet_addressing_runtime_test.cpp","G","CODE_REVIEW_REQUIRED",1877
"04_SOFTWARE/OPERATIONS/core/link_bandwidth_runtime.cpp","G","CODE_REVIEW_REQUIRED",2288
"04_SOFTWARE/OPERATIONS/core/link_bandwidth_runtime.hpp","G","CODE_REVIEW_REQUIRED",849
"04_SOFTWARE/OPERATIONS/core/link_bandwidth_runtime_test.cpp","G","CODE_REVIEW_REQUIRED",1480
"04_SOFTWARE/OPERATIONS/core/link_latency_runtime.cpp","G","CODE_REVIEW_REQUIRED",1445
"04_SOFTWARE/OPERATIONS/core/link_latency_runtime.hpp","G","CODE_REVIEW_REQUIRED",928
"04_SOFTWARE/OPERATIONS/core/link_latency_runtime_test.cpp","G","CODE_REVIEW_REQUIRED",1133
"04_SOFTWARE/OPERATIONS/core/link_metrics_runtime.cpp","G","CODE_REVIEW_REQUIRED",1991
"04_SOFTWARE/OPERATIONS/core/link_metrics_runtime.hpp","G","CODE_REVIEW_REQUIRED",937
"04_SOFTWARE/OPERATIONS/core/link_metrics_runtime_test.cpp","G","CODE_REVIEW_REQUIRED",1325
"04_SOFTWARE/OPERATIONS/core/mavlink_raw_decoder_boundary.cpp","G","CODE_REVIEW_REQUIRED",5008
"04_SOFTWARE/OPERATIONS/core/mavlink_raw_decoder_boundary.hpp","G","CODE_REVIEW_REQUIRED",524
"04_SOFTWARE/OPERATIONS/core/mavlink_raw_decoder_boundary_test.cpp","G","CODE_REVIEW_REQUIRED",2310
"04_SOFTWARE/OPERATIONS/core/mavlink_recorded_stream.cpp","G","CODE_REVIEW_REQUIRED",3385
"04_SOFTWARE/OPERATIONS/core/mavlink_recorded_stream.hpp","G","CODE_REVIEW_REQUIRED",502
"04_SOFTWARE/OPERATIONS/core/mavlink_recorded_stream_test.cpp","G","CODE_REVIEW_REQUIRED",2578
"04_SOFTWARE/OPERATIONS/core/mavlink_session_runtime.cpp","G","CODE_REVIEW_REQUIRED",4121
"04_SOFTWARE/OPERATIONS/core/mavlink_session_runtime.hpp","G","CODE_REVIEW_REQUIRED",2137
"04_SOFTWARE/OPERATIONS/core/mavlink_session_runtime_test.cpp","G","CODE_REVIEW_REQUIRED",2278
"04_SOFTWARE/OPERATIONS/core/mavlink_telemetry_decoder_boundary.cpp","G","CODE_REVIEW_REQUIRED",2948
"04_SOFTWARE/OPERATIONS/core/mavlink_telemetry_decoder_boundary.hpp","G","CODE_REVIEW_REQUIRED",1373
"04_SOFTWARE/OPERATIONS/core/mavlink_telemetry_decoder_boundary_test.cpp","G","CODE_REVIEW_REQUIRED",3372
"04_SOFTWARE/OPERATIONS/core/mavlink_telemetry_mapping.cpp","G","CODE_REVIEW_REQUIRED",2336
"04_SOFTWARE/OPERATIONS/core/mavlink_telemetry_mapping.hpp","G","CODE_REVIEW_REQUIRED",1710
"04_SOFTWARE/OPERATIONS/core/mavlink_telemetry_mapping_test.cpp","G","CODE_REVIEW_REQUIRED",3434
"04_SOFTWARE/OPERATIONS/core/mavlink_telemetry_replay_assembler.cpp","G","CODE_REVIEW_REQUIRED",2732
"04_SOFTWARE/OPERATIONS/core/mavlink_telemetry_replay_assembler.hpp","G","CODE_REVIEW_REQUIRED",353
"04_SOFTWARE/OPERATIONS/core/mavlink_telemetry_replay_assembler_test.cpp","G","CODE_REVIEW_REQUIRED",3272
"04_SOFTWARE/OPERATIONS/core/mavlink_transport_channel_runtime.cpp","G","CODE_REVIEW_REQUIRED",15158
"04_SOFTWARE/OPERATIONS/core/mavlink_transport_channel_runtime.hpp","G","CODE_REVIEW_REQUIRED",4168
"04_SOFTWARE/OPERATIONS/core/mavlink_transport_channel_runtime_test.cpp","G","CODE_REVIEW_REQUIRED",8199
"04_SOFTWARE/OPERATIONS/core/mavlink_udp_transport_driver.cpp","G","CODE_REVIEW_REQUIRED",5797
"04_SOFTWARE/OPERATIONS/core/mavlink_udp_transport_driver.hpp","G","CODE_REVIEW_REQUIRED",1300
"04_SOFTWARE/OPERATIONS/core/mavlink_udp_transport_driver_test.cpp","G","CODE_REVIEW_REQUIRED",1151
"04_SOFTWARE/OPERATIONS/core/mission_adaptation_coordinator.hpp","G","CODE_REVIEW_REQUIRED",2820
"04_SOFTWARE/OPERATIONS/core/mission_adaptation_coordinator_test.cpp","G","CODE_REVIEW_REQUIRED",1619
"04_SOFTWARE/OPERATIONS/core/mission_objective_profiles.hpp","G","CODE_REVIEW_REQUIRED",5560
"04_SOFTWARE/OPERATIONS/core/mission_objective_profiles_test.cpp","G","CODE_REVIEW_REQUIRED",1037
"04_SOFTWARE/OPERATIONS/core/next_action_selection.hpp","G","CODE_REVIEW_REQUIRED",2081
"04_SOFTWARE/OPERATIONS/core/next_action_selection_test.cpp","G","CODE_REVIEW_REQUIRED",1836
"04_SOFTWARE/OPERATIONS/core/normalized_telemetry_state.hpp","G","CODE_REVIEW_REQUIRED",1450
"04_SOFTWARE/OPERATIONS/core/normalized_telemetry_state_test.cpp","G","CODE_REVIEW_REQUIRED",1180
"04_SOFTWARE/OPERATIONS/core/operational_action_execution_router.cpp","G","CODE_REVIEW_REQUIRED",3139
"04_SOFTWARE/OPERATIONS/core/operational_action_execution_router.hpp","G","CODE_REVIEW_REQUIRED",1701
"04_SOFTWARE/OPERATIONS/core/operational_action_execution_router_test.cpp","G","CODE_REVIEW_REQUIRED",3244
"04_SOFTWARE/OPERATIONS/core/operational_decision_evidence.hpp","G","CODE_REVIEW_REQUIRED",1926
"04_SOFTWARE/OPERATIONS/core/operational_decision_evidence_test.cpp","G","CODE_REVIEW_REQUIRED",1738
"04_SOFTWARE/OPERATIONS/core/operational_failure_evidence_binding.hpp","G","CODE_REVIEW_REQUIRED",1140
"04_SOFTWARE/OPERATIONS/core/operational_failure_evidence_binding_test.cpp","G","CODE_REVIEW_REQUIRED",964
"04_SOFTWARE/OPERATIONS/core/operational_orchestrator_contract.hpp","G","CODE_REVIEW_REQUIRED",2163
"04_SOFTWARE/OPERATIONS/core/operational_orchestrator_contract_test.cpp","G","CODE_REVIEW_REQUIRED",1495
"04_SOFTWARE/OPERATIONS/core/operational_orchestrator_pipeline.hpp","G","CODE_REVIEW_REQUIRED",2453
"04_SOFTWARE/OPERATIONS/core/operational_orchestrator_pipeline_test.cpp","G","CODE_REVIEW_REQUIRED",2875
"04_SOFTWARE/OPERATIONS/core/runtime_decision_context.hpp","G","CODE_REVIEW_REQUIRED",1532
"04_SOFTWARE/OPERATIONS/core/runtime_decision_context_test.cpp","G","CODE_REVIEW_REQUIRED",1423
"04_SOFTWARE/OPERATIONS/core/time_synchronization_runtime.cpp","G","CODE_REVIEW_REQUIRED",1626
"04_SOFTWARE/OPERATIONS/core/time_synchronization_runtime.hpp","G","CODE_REVIEW_REQUIRED",926
"04_SOFTWARE/OPERATIONS/core/time_synchronization_runtime_test.cpp","G","CODE_REVIEW_REQUIRED",1502
"04_SOFTWARE/OPERATIONS/core/vehicle_state_mapping.cpp","G","CODE_REVIEW_REQUIRED",2807
"04_SOFTWARE/OPERATIONS/core/vehicle_state_mapping.hpp","G","CODE_REVIEW_REQUIRED",1270
"04_SOFTWARE/OPERATIONS/core/vehicle_state_mapping_test.cpp","G","CODE_REVIEW_REQUIRED",2871
"04_SOFTWARE/OPERATIONS/fixtures/mavlink/ardupilot_replay_v1.bsrec","G","CODE_REVIEW_REQUIRED",371
"04_SOFTWARE/PLANNING/ARCH-OPS-019_STATUS.md","B","ENGINEERING_SOURCE",758
"04_SOFTWARE/PLANNING/ARCH-OPS-020_STATUS.md","B","ENGINEERING_SOURCE",1261
"04_SOFTWARE/PLANNING/ARCH-OPS-021_STATUS.md","B","ENGINEERING_SOURCE",1324
"04_SOFTWARE/PLANNING/BLUESKY_ALGORITHM_ORCHESTRATOR_BASELINE.md","B","ENGINEERING_SOURCE",9846
"04_SOFTWARE/PLANNING/BLUESKY_SOLVER_BENCHMARK_BASELINE.md","B","ENGINEERING_SOURCE",2353
"04_SOFTWARE/PLANNING/BLUESKY_SOLVER_BENCHMARK_RUNNER_BASELINE.md","B","ENGINEERING_SOURCE",3275
"04_SOFTWARE/PLANNING/BLUESKY_SOLVER_CONTRACT_BASELINE.md","B","ENGINEERING_SOURCE",5746
"04_SOFTWARE/PLANNING/BLUESKY_SOLVER_PORTFOLIO_AND_DECISION_ENGINE_BASELINE.md","B","ENGINEERING_SOURCE",9296
"04_SOFTWARE/PLANNING/CMakeLists.txt","B","ENGINEERING_SOURCE",10864
"04_SOFTWARE/PLANNING/adapter/adapter_service_resolver.hpp","G","CODE_REVIEW_REQUIRED",621
"04_SOFTWARE/PLANNING/adapter/adapter_service_resolver_test.cpp","G","CODE_REVIEW_REQUIRED",2658
"04_SOFTWARE/PLANNING/adapter/universal_adapter.hpp","G","CODE_REVIEW_REQUIRED",2616
"04_SOFTWARE/PLANNING/adapter/universal_adapter_contract_test.cpp","G","CODE_REVIEW_REQUIRED",4001
"04_SOFTWARE/PLANNING/adapter/universal_adapter_registry.cpp","G","CODE_REVIEW_REQUIRED",5929
"04_SOFTWARE/PLANNING/adapter/universal_adapter_registry.hpp","G","CODE_REVIEW_REQUIRED",1355
"04_SOFTWARE/PLANNING/adapter/universal_adapter_registry_test.cpp","G","CODE_REVIEW_REQUIRED",5179
"04_SOFTWARE/PLANNING/authorization_qualified_environment.cpp","G","CODE_REVIEW_REQUIRED",2902
"04_SOFTWARE/PLANNING/authorization_qualified_environment.hpp","G","CODE_REVIEW_REQUIRED",1461
"04_SOFTWARE/PLANNING/authorization_qualified_environment_test.cpp","G","CODE_REVIEW_REQUIRED",2117
"04_SOFTWARE/PLANNING/authorization_readiness_gate.cpp","G","CODE_REVIEW_REQUIRED",1819
"04_SOFTWARE/PLANNING/authorization_readiness_gate.hpp","G","CODE_REVIEW_REQUIRED",1130
"04_SOFTWARE/PLANNING/authorization_readiness_gate_test.cpp","G","CODE_REVIEW_REQUIRED",1509
"04_SOFTWARE/PLANNING/benchmarks/solver_benchmark_runner.cpp","G","CODE_REVIEW_REQUIRED",3144
"04_SOFTWARE/PLANNING/benchmarks/solver_benchmark_runner.hpp","G","CODE_REVIEW_REQUIRED",756
"04_SOFTWARE/PLANNING/benchmarks/solver_benchmark_runner_test.cpp","G","CODE_REVIEW_REQUIRED",2028
"04_SOFTWARE/PLANNING/candidate_comparison.cpp","G","CODE_REVIEW_REQUIRED",2016
"04_SOFTWARE/PLANNING/candidate_comparison.hpp","G","CODE_REVIEW_REQUIRED",754
"04_SOFTWARE/PLANNING/candidate_comparison_test.cpp","G","CODE_REVIEW_REQUIRED",1136
"04_SOFTWARE/PLANNING/capability_execution_integration.cpp","G","CODE_REVIEW_REQUIRED",2271
"04_SOFTWARE/PLANNING/capability_execution_integration.hpp","G","CODE_REVIEW_REQUIRED",1323
"04_SOFTWARE/PLANNING/capability_execution_integration_test.cpp","G","CODE_REVIEW_REQUIRED",3717
"04_SOFTWARE/PLANNING/command_authority_gate_contract_stub.hpp","G","CODE_REVIEW_REQUIRED",868
"04_SOFTWARE/PLANNING/command_authority_gate_contract_stub_test.cpp","G","CODE_REVIEW_REQUIRED",2237
"04_SOFTWARE/PLANNING/command_lifecycle_contract_stub.hpp","G","CODE_REVIEW_REQUIRED",1743
"04_SOFTWARE/PLANNING/command_lifecycle_contract_stub_test.cpp","G","CODE_REVIEW_REQUIRED",4901
"04_SOFTWARE/PLANNING/command_lifecycle_runtime.cpp","G","CODE_REVIEW_REQUIRED",5460
"04_SOFTWARE/PLANNING/command_lifecycle_runtime.hpp","G","CODE_REVIEW_REQUIRED",1851
"04_SOFTWARE/PLANNING/command_lifecycle_runtime_test.cpp","G","CODE_REVIEW_REQUIRED",2076
"04_SOFTWARE/PLANNING/compiler/EC05_STATUS.md","B","ENGINEERING_SOURCE",491
"04_SOFTWARE/PLANNING/compiler/README.md","B","ENGINEERING_SOURCE",456
"04_SOFTWARE/PLANNING/compiler/mission_compiler.cpp","G","CODE_REVIEW_REQUIRED",3996
"04_SOFTWARE/PLANNING/compiler/mission_compiler.hpp","G","CODE_REVIEW_REQUIRED",976
"04_SOFTWARE/PLANNING/compiler/mission_compiler_multi_test.cpp","G","CODE_REVIEW_REQUIRED",929
"04_SOFTWARE/PLANNING/compiler/mission_compiler_test.cpp","G","CODE_REVIEW_REQUIRED",2082
"04_SOFTWARE/PLANNING/constrained_open_space.cpp","G","CODE_REVIEW_REQUIRED",11423
"04_SOFTWARE/PLANNING/constrained_open_space.hpp","G","CODE_REVIEW_REQUIRED",1434
"04_SOFTWARE/PLANNING/constrained_open_space_test.cpp","G","CODE_REVIEW_REQUIRED",7629
"04_SOFTWARE/PLANNING/constrained_planning_graph.cpp","G","CODE_REVIEW_REQUIRED",1973
"04_SOFTWARE/PLANNING/constrained_planning_graph.hpp","G","CODE_REVIEW_REQUIRED",590
"04_SOFTWARE/PLANNING/constrained_planning_graph_test.cpp","G","CODE_REVIEW_REQUIRED",970
"04_SOFTWARE/PLANNING/final_planning_integrity.cpp","G","CODE_REVIEW_REQUIRED",1565
"04_SOFTWARE/PLANNING/final_planning_integrity.hpp","G","CODE_REVIEW_REQUIRED",925
"04_SOFTWARE/PLANNING/final_planning_integrity_test.cpp","G","CODE_REVIEW_REQUIRED",626
"04_SOFTWARE/PLANNING/flight_profile.cpp","G","CODE_REVIEW_REQUIRED",1292
"04_SOFTWARE/PLANNING/flight_profile.hpp","G","CODE_REVIEW_REQUIRED",909
"04_SOFTWARE/PLANNING/flight_profile_test.cpp","G","CODE_REVIEW_REQUIRED",796
"04_SOFTWARE/PLANNING/mission_transfer_runtime.cpp","G","CODE_REVIEW_REQUIRED",3869
"04_SOFTWARE/PLANNING/mission_transfer_runtime.hpp","G","CODE_REVIEW_REQUIRED",869
"04_SOFTWARE/PLANNING/mission_transfer_runtime_test.cpp","G","CODE_REVIEW_REQUIRED",4662
"04_SOFTWARE/PLANNING/model/mission_model.hpp","G","CODE_REVIEW_REQUIRED",2732
"04_SOFTWARE/PLANNING/model/mission_model_contract_test.cpp","G","CODE_REVIEW_REQUIRED",2238
"04_SOFTWARE/PLANNING/model/planning_graph.hpp","G","CODE_REVIEW_REQUIRED",812
"04_SOFTWARE/PLANNING/model/route_model.hpp","G","CODE_REVIEW_REQUIRED",1334
"04_SOFTWARE/PLANNING/model/route_model_contract_test.cpp","G","CODE_REVIEW_REQUIRED",965
"04_SOFTWARE/PLANNING/model/vehicle_equipment_capability.hpp","G","CODE_REVIEW_REQUIRED",2993
"04_SOFTWARE/PLANNING/model/vehicle_equipment_capability_contract_test.cpp","G","CODE_REVIEW_REQUIRED",1389
"04_SOFTWARE/PLANNING/multi_uav_conflict.cpp","G","CODE_REVIEW_REQUIRED",5123
"04_SOFTWARE/PLANNING/multi_uav_conflict.hpp","G","CODE_REVIEW_REQUIRED",1162
"04_SOFTWARE/PLANNING/multi_uav_conflict_resolution.cpp","G","CODE_REVIEW_REQUIRED",17014
"04_SOFTWARE/PLANNING/multi_uav_conflict_resolution.hpp","G","CODE_REVIEW_REQUIRED",1594
"04_SOFTWARE/PLANNING/multi_uav_conflict_resolution_test.cpp","G","CODE_REVIEW_REQUIRED",2514
"04_SOFTWARE/PLANNING/multi_uav_conflict_test.cpp","G","CODE_REVIEW_REQUIRED",1106
"04_SOFTWARE/PLANNING/multi_uav_sequencing.cpp","G","CODE_REVIEW_REQUIRED",4851
"04_SOFTWARE/PLANNING/multi_uav_sequencing.hpp","G","CODE_REVIEW_REQUIRED",1011
"04_SOFTWARE/PLANNING/multi_uav_sequencing_test.cpp","G","CODE_REVIEW_REQUIRED",1317
"04_SOFTWARE/PLANNING/multi_uav_zonal_planning.cpp","G","CODE_REVIEW_REQUIRED",5352
"04_SOFTWARE/PLANNING/multi_uav_zonal_planning.hpp","G","CODE_REVIEW_REQUIRED",1045
"04_SOFTWARE/PLANNING/multi_uav_zonal_planning_test.cpp","G","CODE_REVIEW_REQUIRED",1271
"04_SOFTWARE/PLANNING/notam_prohibited_zone_validator.cpp","G","CODE_REVIEW_REQUIRED",9513
"04_SOFTWARE/PLANNING/notam_prohibited_zone_validator.hpp","G","CODE_REVIEW_REQUIRED",1775
"04_SOFTWARE/PLANNING/notam_prohibited_zone_validator_test.cpp","G","CODE_REVIEW_REQUIRED",4295
"04_SOFTWARE/PLANNING/orchestrator/algorithm_orchestrator.cpp","G","CODE_REVIEW_REQUIRED",9638
"04_SOFTWARE/PLANNING/orchestrator/algorithm_orchestrator.hpp","G","CODE_REVIEW_REQUIRED",1183
"04_SOFTWARE/PLANNING/orchestrator/algorithm_orchestrator_determinism_test.cpp","G","CODE_REVIEW_REQUIRED",2884
"04_SOFTWARE/PLANNING/orchestrator/algorithm_orchestrator_objective_test.cpp","G","CODE_REVIEW_REQUIRED",7368
"04_SOFTWARE/PLANNING/orchestrator/algorithm_orchestrator_rejection_reason_test.cpp","G","CODE_REVIEW_REQUIRED",3437
"04_SOFTWARE/PLANNING/orchestrator/algorithm_orchestrator_route_validation_test.cpp","G","CODE_REVIEW_REQUIRED",3096
"04_SOFTWARE/PLANNING/orchestrator/algorithm_orchestrator_test.cpp","G","CODE_REVIEW_REQUIRED",16531
"04_SOFTWARE/PLANNING/parameter_configuration_runtime.cpp","G","CODE_REVIEW_REQUIRED",6983
"04_SOFTWARE/PLANNING/parameter_configuration_runtime.hpp","G","CODE_REVIEW_REQUIRED",2232
"04_SOFTWARE/PLANNING/parameter_configuration_runtime_test.cpp","G","CODE_REVIEW_REQUIRED",5173
"04_SOFTWARE/PLANNING/route_constraint_validator.cpp","G","CODE_REVIEW_REQUIRED",1724
"04_SOFTWARE/PLANNING/route_constraint_validator.hpp","G","CODE_REVIEW_REQUIRED",743
"04_SOFTWARE/PLANNING/route_constraint_validator_test.cpp","G","CODE_REVIEW_REQUIRED",1125
"04_SOFTWARE/PLANNING/selected_route_set.cpp","G","CODE_REVIEW_REQUIRED",698
"04_SOFTWARE/PLANNING/selected_route_set.hpp","G","CODE_REVIEW_REQUIRED",763
"04_SOFTWARE/PLANNING/selected_route_set_test.cpp","G","CODE_REVIEW_REQUIRED",679
"04_SOFTWARE/PLANNING/solver_contract/README.md","B","ENGINEERING_SOURCE",928
"04_SOFTWARE/PLANNING/solver_contract/solver_comparison.hpp","G","CODE_REVIEW_REQUIRED",2206
"04_SOFTWARE/PLANNING/solver_contract/solver_contract.hpp","G","CODE_REVIEW_REQUIRED",2043
"04_SOFTWARE/PLANNING/solvers/astar_heuristics.hpp","G","CODE_REVIEW_REQUIRED",549
"04_SOFTWARE/PLANNING/solvers/astar_solver.cpp","G","CODE_REVIEW_REQUIRED",4360
"04_SOFTWARE/PLANNING/solvers/astar_solver.hpp","G","CODE_REVIEW_REQUIRED",702
"04_SOFTWARE/PLANNING/solvers/dijkstra_solver.cpp","G","CODE_REVIEW_REQUIRED",4205
"04_SOFTWARE/PLANNING/solvers/dijkstra_solver.hpp","G","CODE_REVIEW_REQUIRED",605
"04_SOFTWARE/PLANNING/tests/BLUESKY_SOLVER_BENCHMARK_BASELINE.md","B","ENGINEERING_SOURCE",1982
"04_SOFTWARE/PLANNING/tests/astar_dijkstra_benchmark.cpp","G","CODE_REVIEW_REQUIRED",3611
"04_SOFTWARE/PLANNING/vehicle_mission_compiler.cpp","G","CODE_REVIEW_REQUIRED",1451
"04_SOFTWARE/PLANNING/vehicle_mission_compiler.hpp","G","CODE_REVIEW_REQUIRED",1247
"04_SOFTWARE/PLANNING/vehicle_mission_compiler_test.cpp","G","CODE_REVIEW_REQUIRED",755
"04_SOFTWARE/PLANNING/vertical_launch_recovery.cpp","G","CODE_REVIEW_REQUIRED",1453
"04_SOFTWARE/PLANNING/vertical_launch_recovery.hpp","G","CODE_REVIEW_REQUIRED",1053
"04_SOFTWARE/PLANNING/vertical_launch_recovery_test.cpp","G","CODE_REVIEW_REQUIRED",806
"04_SOFTWARE/PLANNING/vertical_route_builder.cpp","G","CODE_REVIEW_REQUIRED",2757
"04_SOFTWARE/PLANNING/vertical_route_builder.hpp","G","CODE_REVIEW_REQUIRED",922
"04_SOFTWARE/PLANNING/vertical_route_builder_test.cpp","G","CODE_REVIEW_REQUIRED",939
"04_SOFTWARE/PLANNING/wind_performance_trajectory.cpp","G","CODE_REVIEW_REQUIRED",6781
"04_SOFTWARE/PLANNING/wind_performance_trajectory.hpp","G","CODE_REVIEW_REQUIRED",2426
"04_SOFTWARE/PLANNING/wind_performance_trajectory_test.cpp","G","CODE_REVIEW_REQUIRED",2220
"04_SOFTWARE/PLANNING/zonal_route_graph.cpp","G","CODE_REVIEW_REQUIRED",3278
"04_SOFTWARE/PLANNING/zonal_route_graph.hpp","G","CODE_REVIEW_REQUIRED",553
"04_SOFTWARE/PLANNING/zonal_route_graph_test.cpp","G","CODE_REVIEW_REQUIRED",1171
"04_SOFTWARE/Requirements/SW-REQ-001.md","B","ENGINEERING_SOURCE",457
"04_SOFTWARE/Requirements/SW-REQ-002.md","B","ENGINEERING_SOURCE",504
"04_SOFTWARE/Requirements/SW-REQ-003.md","B","ENGINEERING_SOURCE",439
"04_SOFTWARE/Requirements/SW-REQ-004.md","B","ENGINEERING_SOURCE",459
"04_SOFTWARE/Requirements/SW-REQ-005.md","B","ENGINEERING_SOURCE",475
"04_SOFTWARE/Requirements/SW-REQ-006.md","B","ENGINEERING_SOURCE",449
"04_SOFTWARE/Requirements/SW-REQ-007.md","B","ENGINEERING_SOURCE",462
"04_SOFTWARE/Requirements/SW-REQ-008.md","B","ENGINEERING_SOURCE",463
"04_SOFTWARE/Requirements/SW-REQ-009.md","B","ENGINEERING_SOURCE",500
"04_SOFTWARE/Requirements/SW-REQ-010.md","B","ENGINEERING_SOURCE",520
"04_SOFTWARE/Requirements/SW-REQ-011.md","B","ENGINEERING_SOURCE",532
"04_SOFTWARE/Requirements/SW-REQ-012.md","B","ENGINEERING_SOURCE",569
"04_SOFTWARE/Requirements/SW-REQ-013.md","B","ENGINEERING_SOURCE",365
"04_SOFTWARE/Requirements/SW-REQ-014.md","B","ENGINEERING_SOURCE",475
"04_SOFTWARE/Requirements/SW-REQ-015.md","B","ENGINEERING_SOURCE",564
"04_SOFTWARE/Requirements/SW-REQ-016.md","B","ENGINEERING_SOURCE",530
"04_SOFTWARE/Requirements/SW-REQ-017.md","B","ENGINEERING_SOURCE",477
"04_SOFTWARE/Requirements/SW-REQ-018.md","B","ENGINEERING_SOURCE",455
"04_SOFTWARE/Requirements/SW-REQ-019.md","B","ENGINEERING_SOURCE",457
"04_SOFTWARE/Requirements/SW-REQ-020.md","B","ENGINEERING_SOURCE",449
"05_C2/BLUESKY_C2_CONNECTIVITY_SYSTEM_SPEC.md","B","REVIEW",6569
"05_VERIFICATION/C2/C2_CONTROLLED_BASELINE_STATUS_001.md","A","CANDIDATE",5766
"05_VERIFICATION/C2/C2_EVIDENCE_INDEX_001.md","A","CANDIDATE",3047
"05_VERIFICATION/C2/C2_EXECUTION_PREREQUISITE_CHECK_001.md","A","CANDIDATE",696
"05_VERIFICATION/C2/C2_GAP_CLOSURE_PASS_001.md","A","CANDIDATE",4816
"05_VERIFICATION/C2/C2_QUANTITATIVE_PARAMETERS_BASIS_001.md","A","CANDIDATE",2927
"05_VERIFICATION/C2/C2_RECONCILIATION_PASS_002.md","A","CANDIDATE",7700
"05_VERIFICATION/C2/C2_RECONCILIATION_PASS_003.md","A","CANDIDATE",3934
"05_VERIFICATION/C2/C2_VERIFICATION_CASES_001.md","A","CANDIDATE",9488
"05_VERIFICATION/C2/C2_VERIFICATION_CONFIGURATION_001.md","A","CANDIDATE",5632
"05_VERIFICATION/C2/C2_VERIFICATION_CONTROL_CLOSURE_001.md","A","CANDIDATE",3880
"05_VERIFICATION/C2/C2_VERIFICATION_EXECUTION_RESULT_001.md","A","CANDIDATE",4735
"05_VERIFICATION/EVIDENCE/VERIFICATION_EVIDENCE_INDEX.md","A","CANDIDATE",10229
"05_VERIFICATION/NAVIGATION/NAVIGATION_EVIDENCE_ALLOCATION_GAP_001.md","A","CANDIDATE",1779
"05_VERIFICATION/NAVIGATION/NAVIGATION_EVIDENCE_ALLOCATION_RECONCILIATION_001.md","A","CANDIDATE",5263
"05_VERIFICATION/NAVIGATION/NAVIGATION_EVIDENCE_IDENTITY_RECONCILIATION_001.md","A","CANDIDATE",2323
"05_VERIFICATION/NAVIGATION/NAVIGATION_EVIDENCE_RECORDS_001.md","A","CANDIDATE",3756
"05_VERIFICATION/NAVIGATION/NAVIGATION_REQUIREMENT_ALLOCATION_001.md","A","CANDIDATE",6983
"05_VERIFICATION/NAVIGATION/NAVIGATION_TRACEABILITY_MATRIX_001.md","A","CANDIDATE",11046
"05_VERIFICATION/NAVIGATION/NAVIGATION_VERIFICATION_COVERAGE_RECONCILIATION_001.md","A","CANDIDATE",4760
"05_VERIFICATION/NAVIGATION/NAVIGATION_VERIFICATION_MODEL.md","A","CANDIDATE",10224
"05_VERIFICATION/NAVIGATION/NAVIGATION_VERIFICATION_PROCEDURE_RECONCILIATION_001.md","A","CANDIDATE",3590
"05_VERIFICATION/NAVIGATION/NAVIGATION_VERIFICATION_PROCEDURE_TEMPLATES_001.md","A","CANDIDATE",4939
"05_VERIFICATION/NAVIGATION/TEST_VECTORS/NAVIGATION_TEST_VECTORS_001.md","A","CANDIDATE",2613
"05_VERIFICATION/PLAN/VERIFICATION_PLAN.md","A","CANDIDATE",13341
"05_VERIFICATION/REGULATORY/EXTERNAL_INTERFACE_VERIFICATION_STUB_001.md","A","CANDIDATE",3654
"05_VERIFICATION/REGULATORY/EXTERNAL_REGULATORY_INTERFACE_ALLOCATION_001.md","A","CANDIDATE",4929
"05_VERIFICATION/TRACEABILITY/INSURANCE_VERIFICATION_MATRIX_001.md","A","CANDIDATE",1912
"05_VERIFICATION/TRACEABILITY/VERIFICATION_LINKAGE_AUDIT_003.md","A","CANDIDATE",9772
"05_VERIFICATION/VERIFICATION_REGISTER.md","A","CANDIDATE",11156
"06_CERTIFICATION/BASIS/CERTIFICATION_BASIS.md","A","CANDIDATE",22811
"06_CERTIFICATION/BASIS/CERTIFICATION_BASIS_CLAUSE_REGISTER_001.md","A","CANDIDATE",9711
"06_CERTIFICATION/BASIS/CERTIFICATION_BASIS_WORKING_REGISTER.md","A","CANDIDATE",8414
"06_CERTIFICATION/INDEX/CERTIFICATION_DOCUMENT_INDEX.md","A","CANDIDATE",4894
"06_CERTIFICATION/MASTER_PLAN/CERTIFICATION_DOCUMENTATION_MASTER_PLAN.md","A","CANDIDATE",5343
"06_CERTIFICATION/REQUIREMENTS/CERTIFICATION_REQUIREMENTS_BASELINE.md","A","CANDIDATE",13316
"06_CERTIFICATION/SCOPE/CERTIFICATION_OBJECT_AND_SCOPE.md","A","CANDIDATE",13981
"06_CERTIFICATION/STRATEGY/CERTIFICATION_STRATEGY.md","A","CANDIDATE",10576
"06_EQUIPMENT/BLUESKY_EQUIPMENT_INTEGRATION_SPEC.md","B","REVIEW",4131
"07_ATM_REGULATORY/BLUESKY_ATM_REGULATORY_INTEGRATION_SPEC.md","A","CANDIDATE",4895
"07_DATA/Algorithms/ALG-001.md","B","REVIEW",831
"07_DATA/Algorithms/ALG-002.md","B","REVIEW",808
"07_DATA/Algorithms/ALG-003.md","B","REVIEW",849
"07_DATA/Algorithms/ALG-004.md","B","REVIEW",771
"07_DATA/Algorithms/ALG-005.md","B","REVIEW",825
"07_DATA/Algorithms/ALG-006.md","B","REVIEW",812
"07_DATA/Algorithms/ALG-007.md","B","REVIEW",827
"07_DATA/Algorithms/ALG-008.md","B","REVIEW",860
"07_DATA/Algorithms/ALG-009.md","B","REVIEW",829
"07_DATA/Algorithms/ALG-010.md","B","REVIEW",838
"07_DATA/Algorithms/ALG-011.md","B","REVIEW",826
"07_DATA/Algorithms/ALG-012.md","B","REVIEW",835
"07_DATA/Algorithms/ALG-013.md","B","REVIEW",830
"07_DATA/Algorithms/ALG-014.md","B","REVIEW",828
"07_DATA/Algorithms/ALG-015.md","B","REVIEW",834
"07_DATA/Algorithms/ALG-016.md","B","REVIEW",841
"07_DATA/Algorithms/ALG-017.md","B","REVIEW",843
"07_DATA/Algorithms/ALG-018.md","B","REVIEW",816
"07_DATA/Algorithms/ALG-019.md","B","REVIEW",828
"07_DATA/Algorithms/ALG-020.md","B","REVIEW",915
"07_DATA/Capabilities/CAP-001.md","B","REVIEW",2968
"07_DATA/Capabilities/CAP-002.md","B","REVIEW",2461
"07_DATA/Capabilities/CAP-003.md","B","REVIEW",2079
"07_DATA/Capabilities/CAP-004.md","B","REVIEW",2096
"07_DATA/Capabilities/CAP-005.md","B","REVIEW",2268
"07_DATA/Capabilities/CAP-006.md","B","REVIEW",2848
"07_DATA/Capabilities/CAP-007.md","B","REVIEW",2405
"07_DATA/Capabilities/CAP-008.md","B","REVIEW",2647
"07_DATA/Capabilities/CAP-009.md","B","REVIEW",2595
"07_DATA/Capabilities/CAP-010.md","B","REVIEW",2856
"07_DATA/Capabilities/CAP-011.md","B","REVIEW",3220
"07_DATA/Capabilities/CAP-012.md","B","REVIEW",2586
"07_DATA/Capabilities/CAP-013.md","B","REVIEW",2516
"07_DATA/Capabilities/CAP-014.md","B","REVIEW",2614
"07_DATA/Capabilities/CAP-015.md","B","REVIEW",2636
"07_DATA/Capabilities/CAP-016.md","B","REVIEW",2823
"07_DATA/Capabilities/CAP-017.md","B","REVIEW",2894
"07_DATA/Capabilities/CAP-018.md","B","REVIEW",2642
"07_DATA/Capabilities/CAP-019.md","B","REVIEW",2763
"07_DATA/Capabilities/CAP-020.md","B","REVIEW",2644
"07_DATA/Capabilities/CAPABILITY-REGISTRY.md","B","REVIEW",1277
"07_DATA/Capabilities/SYS-REQ-CAPABILITY-TRACEABILITY.md","B","REVIEW",5393
"07_DATA/Payloads/PAYLOAD-001.md","B","REVIEW",566
"07_DATA/Payloads/PAYLOAD-002.md","B","REVIEW",568
"07_DATA/Payloads/PAYLOAD-003.md","B","REVIEW",540
"07_DATA/Payloads/PAYLOAD-004.md","B","REVIEW",548
"07_DATA/Payloads/PAYLOAD-005.md","B","REVIEW",588
"07_DATA/Payloads/PAYLOAD-006.md","B","REVIEW",548
"07_DATA/Payloads/PAYLOAD-007.md","B","REVIEW",572
"07_DATA/Payloads/PAYLOAD-008.md","B","REVIEW",552
"07_DATA/Payloads/PAYLOAD-009.md","B","REVIEW",480
"07_DATA/Payloads/PAYLOAD-010.md","B","REVIEW",526
"07_DATA/Payloads/PAYLOAD-011.md","B","REVIEW",646
"07_DATA/Payloads/PAYLOAD-012.md","B","REVIEW",660
"07_DATA/UAV_Types/UAV-TYPE-001.md","B","REVIEW",752
"07_DATA/UAV_Types/UAV-TYPE-002.md","B","REVIEW",732
"07_DATA/UAV_Types/UAV-TYPE-003.md","B","REVIEW",774
"07_DATA/UAV_Types/UAV-TYPE-004.md","B","REVIEW",534
"07_DATA/UAV_Types/UAV-TYPE-005.md","B","REVIEW",529
"07_DATA/UAV_Types/UAV-TYPE-006.md","B","REVIEW",676
"07_DATA/UAV_Types/UAV-TYPE-007.md","B","REVIEW",549
"07_DATA/UAV_Types/UAV-TYPE-008.md","B","REVIEW",624
"07_DATA/UAV_Types/UAV-TYPE-009.md","B","REVIEW",645
"07_DATA/UAV_Types/UAV-TYPE-010.md","B","REVIEW",753
"08_HMI/ASSETS/ICONS/README.md","A","IMPORTED_SOURCE",733
"08_HMI/ASSETS/logo/README.md","A","IMPORTED_SOURCE",1891
"08_HMI/C2/C2_HMI_ALLOCATION_001.md","A","IMPORTED_SOURCE",3407
"08_HMI/DESIGN_SYSTEM/BLUESKY_PRO_BOTTOM_TOOLBAR_CONFIGURATION_001.md","A","IMPORTED_SOURCE",5977
"08_HMI/DESIGN_SYSTEM/BLUESKY_PRO_COLORS.md","A","IMPORTED_SOURCE",1986
"08_HMI/DESIGN_SYSTEM/BLUESKY_PRO_DESIGN_SYSTEM.md","A","IMPORTED_SOURCE",4969
"08_HMI/DESIGN_SYSTEM/BLUESKY_PRO_DS_BOTTOM_TOOLBAR_001.md","A","IMPORTED_SOURCE",3759
"08_HMI/DESIGN_SYSTEM/BLUESKY_PRO_DS_BOTTOM_TOOLBAR_001.svg","G","CODE_REVIEW_REQUIRED",1875
"08_HMI/DESIGN_SYSTEM/BLUESKY_PRO_DS_PANEL_MASTER_001.md","A","IMPORTED_SOURCE",2549
"08_HMI/DESIGN_SYSTEM/BLUESKY_PRO_DS_PANEL_MASTER_001.svg","G","CODE_REVIEW_REQUIRED",3241
"08_HMI/DESIGN_SYSTEM/BLUESKY_PRO_FIGMA_HANDOFF.md","A","IMPORTED_SOURCE",1634
"08_HMI/DESIGN_SYSTEM/BLUESKY_PRO_HMI_DESIGN_BASELINE.md","A","IMPORTED_SOURCE",4700
"08_HMI/DESIGN_SYSTEM/BLUESKY_PRO_HMI_TOTAL_RECONCILIATION_001.md","A","IMPORTED_SOURCE",5644
"08_HMI/DESIGN_SYSTEM/BLUESKY_PRO_JOURNAL_AUDIT_TRACE_SPECIFICATION_001.md","A","IMPORTED_SOURCE",1375
"08_HMI/DESIGN_SYSTEM/BLUESKY_PRO_LOGO.md","A","IMPORTED_SOURCE",1894
"08_HMI/DESIGN_SYSTEM/BLUESKY_PRO_PANEL_BEHAVIOR_SPECIFICATION_001.md","A","IMPORTED_SOURCE",13115
"08_HMI/DESIGN_SYSTEM/BLUESKY_PRO_PANEL_LAYOUT.md","A","IMPORTED_SOURCE",3128
"08_HMI/DESIGN_SYSTEM/BLUESKY_PRO_PANEL_TOOL_ALLOCATION_001.md","A","IMPORTED_SOURCE",5733
"08_HMI/DESIGN_SYSTEM/BLUESKY_PRO_QT_DESIGN_STUDIO_WORKBOOK_001.md","A","IMPORTED_SOURCE",15043
"08_HMI/DESIGN_SYSTEM/BLUESKY_PRO_SCREEN_REFERENCE.md","A","IMPORTED_SOURCE",6237
"08_HMI/DESIGN_SYSTEM/BLUESKY_PRO_SOURCE_ASSET_REGISTER.md","A","IMPORTED_SOURCE",1306
"08_HMI/DESIGN_SYSTEM/BLUESKY_PRO_TOP_HEADER_COMPOSITION_WORKING_001.md","A","IMPORTED_SOURCE",3529
"08_HMI/DESIGN_SYSTEM/BLUESKY_PRO_TYPOGRAPHY.md","A","IMPORTED_SOURCE",1783
"08_HMI/DESIGN_SYSTEM/BLUESKY_PRO_UI_TRACEABILITY.md","A","IMPORTED_SOURCE",4790
"08_HMI/DESIGN_SYSTEM/BLUESKY_PRO_WORKSPACE_CONTEXT_ROUTING_001.md","A","IMPORTED_SOURCE",2205
"08_HMI/DESIGN_SYSTEM/FIGMA/BlueSky_PRO_Figma_Visual_Tokens.json","A","CANDIDATE",1493
"08_HMI/DESIGN_SYSTEM/FIGMA/BlueSky_PRO_Figma_Visual_Tokens.svg","G","CODE_REVIEW_REQUIRED",10808
"08_HMI/DESIGN_SYSTEM/FIGMA/README.md","A","IMPORTED_SOURCE",828
"08_HMI/DESIGN_SYSTEM/INDEX.md","A","IMPORTED_SOURCE",3292
"08_HMI/MISSION_TASK_INPUT_AND_TEMPLATE_SELECTION.md","A","IMPORTED_SOURCE",23432
"08_PLANNING/BLUESKY_ROUTE_CALCULATION_AND_OPTIMIZATION_SPEC.md","A","IMPORTED_SOURCE",25081
"09_VERIFICATION/RESULTS/CI_RUN_RECORD_2026-09-27.md","A","IMPORTED_SOURCE",1988
"09_VERIFICATION/Results/VER-001.md","A","IMPORTED_SOURCE",578
"09_VERIFICATION/Results/VER-002.md","A","IMPORTED_SOURCE",586
"09_VERIFICATION/Results/VER-003.md","A","IMPORTED_SOURCE",566
"09_VERIFICATION/Results/VER-004.md","A","IMPORTED_SOURCE",582
"09_VERIFICATION/Results/VER-005.md","A","IMPORTED_SOURCE",584
"09_VERIFICATION/Results/VER-006.md","A","IMPORTED_SOURCE",586
"09_VERIFICATION/Results/VER-007.md","A","IMPORTED_SOURCE",578
"09_VERIFICATION/Results/VER-008.md","A","IMPORTED_SOURCE",568
"09_VERIFICATION/Results/VER-009.md","A","IMPORTED_SOURCE",596
"09_VERIFICATION/Results/VER-010.md","A","IMPORTED_SOURCE",574
"09_VERIFICATION/Results/VER-011.md","A","IMPORTED_SOURCE",586
"09_VERIFICATION/Results/VER-012.md","A","IMPORTED_SOURCE",612
"09_VERIFICATION/Results/VER-013.md","A","IMPORTED_SOURCE",560
"09_VERIFICATION/Results/VER-014.md","A","IMPORTED_SOURCE",582
"09_VERIFICATION/Results/VER-015.md","A","IMPORTED_SOURCE",610
"09_VERIFICATION/Results/VER-016.md","A","IMPORTED_SOURCE",582
"09_VERIFICATION/Results/VER-017.md","A","IMPORTED_SOURCE",610
"09_VERIFICATION/Results/VER-018.md","A","IMPORTED_SOURCE",588
"09_VERIFICATION/Results/VER-019.md","A","IMPORTED_SOURCE",590
"09_VERIFICATION/Results/VER-020.md","A","IMPORTED_SOURCE",586
"09_VERIFICATION/Test_Cases/TEST-001.md","A","IMPORTED_SOURCE",2756
"09_VERIFICATION/Test_Cases/TEST-002.md","A","IMPORTED_SOURCE",3549
"09_VERIFICATION/Test_Cases/TEST-003.md","A","IMPORTED_SOURCE",4238
"09_VERIFICATION/Test_Cases/TEST-004.md","A","IMPORTED_SOURCE",3938
"09_VERIFICATION/Test_Cases/TEST-006.md","A","IMPORTED_SOURCE",4487
"09_VERIFICATION/Test_Cases/TEST-007.md","A","IMPORTED_SOURCE",4456
"09_VERIFICATION/Test_Cases/TEST-008.md","A","IMPORTED_SOURCE",3753
"09_VERIFICATION/Test_Cases/TEST-009.md","A","IMPORTED_SOURCE",4891
"09_VERIFICATION/Test_Cases/TEST-010.md","A","IMPORTED_SOURCE",4589
"09_VERIFICATION/Test_Cases/TEST-011.md","A","IMPORTED_SOURCE",4886
"09_VERIFICATION/Test_Cases/TEST-021.md","A","IMPORTED_SOURCE",1674
"09_VERIFICATION/Test_Cases/TEST-022.md","A","IMPORTED_SOURCE",1331
"09_VERIFICATION/Test_Cases/TEST-023.md","A","IMPORTED_SOURCE",1633
"09_VERIFICATION/Test_Cases/TEST-024.md","A","IMPORTED_SOURCE",1690
"09_VERIFICATION/Test_Cases/TEST-025.md","A","IMPORTED_SOURCE",2013
"09_VERIFICATION/Test_Cases/TEST-026.md","A","IMPORTED_SOURCE",1771
"09_VERIFICATION/Test_Cases/TEST-027.md","A","IMPORTED_SOURCE",2073
"09_VERIFICATION/Test_Cases/TEST-028.md","A","IMPORTED_SOURCE",1710
"09_VERIFICATION/Test_Cases/TEST-029.md","A","IMPORTED_SOURCE",2090
"09_VERIFICATION/Test_Cases/TEST-030.md","A","IMPORTED_SOURCE",2018
"09_VERIFICATION/Test_Cases/TEST-031.md","A","IMPORTED_SOURCE",2074
"09_VERIFICATION/Test_Cases/TEST-032.md","A","IMPORTED_SOURCE",1481
"09_VERIFICATION/Test_Cases/TEST-033.md","A","IMPORTED_SOURCE",1889
"09_VERIFICATION/Test_Cases/TEST-034.md","A","IMPORTED_SOURCE",1438
"09_VERIFICATION/Test_Cases/TEST-035.md","A","IMPORTED_SOURCE",1751
"09_VERIFICATION/Test_Cases/TEST-036.md","A","IMPORTED_SOURCE",2231
"09_VERIFICATION/Test_Cases/TEST-037.md","A","IMPORTED_SOURCE",2093
"09_VERIFICATION/Test_Cases/TEST-038.md","A","IMPORTED_SOURCE",1644
"09_VERIFICATION/Test_Cases/TEST-039.md","A","IMPORTED_SOURCE",2377
"09_VERIFICATION/Test_Cases/TEST-040.md","A","IMPORTED_SOURCE",2021
"09_VERIFICATION/Test_Cases/TEST-041.md","A","IMPORTED_SOURCE",2302
"09_VERIFICATION/Test_Cases/TEST-042.md","A","IMPORTED_SOURCE",2299
"09_VERIFICATION/Test_Cases/TEST-043.md","A","IMPORTED_SOURCE",2471
"09_VERIFICATION/Test_Cases/TEST-044.md","A","IMPORTED_SOURCE",2626
"09_VERIFICATION/Test_Cases/TEST-045.md","A","IMPORTED_SOURCE",1972
"09_VERIFICATION/Test_Cases/TEST-046.md","A","IMPORTED_SOURCE",2338
"09_VERIFICATION/Test_Cases/TEST-047.md","A","IMPORTED_SOURCE",2123
"09_VERIFICATION/Test_Cases/TEST-048.md","A","IMPORTED_SOURCE",2313
"09_VERIFICATION/Test_Cases/TEST-049.md","A","IMPORTED_SOURCE",2503
"09_VERIFICATION/Test_Cases/TEST-050.md","A","IMPORTED_SOURCE",3033
"09_VERIFICATION/Test_Cases/TEST-051.md","A","IMPORTED_SOURCE",2676
"09_VERIFICATION/Test_Cases/TEST-052.md","A","IMPORTED_SOURCE",2468
"09_VERIFICATION/Test_Cases/TEST-053.md","A","IMPORTED_SOURCE",2376
"09_VERIFICATION/Test_Cases/TEST-054.md","A","IMPORTED_SOURCE",2358
"09_VERIFICATION/Test_Cases/TEST-055.md","A","IMPORTED_SOURCE",2260
"09_VERIFICATION/Test_Cases/TEST-056.md","A","IMPORTED_SOURCE",2058
"09_VERIFICATION/Test_Cases/TEST-057.md","A","IMPORTED_SOURCE",2389
"09_VERIFICATION/Test_Cases/TEST-058.md","A","IMPORTED_SOURCE",760
"09_VERIFICATION/Test_Cases/TEST-059.md","A","IMPORTED_SOURCE",1166
"09_VERIFICATION/Test_Cases/TEST-060.md","A","IMPORTED_SOURCE",1921
"09_VERIFICATION/Test_Cases/TEST-061.md","A","IMPORTED_SOURCE",1714
"09_VERIFICATION/Test_Cases/TEST-062.md","A","IMPORTED_SOURCE",1525
"09_VERIFICATION/Test_Cases/TEST-063.md","A","IMPORTED_SOURCE",1458
"09_VERIFICATION/Test_Cases/TEST-064.md","A","IMPORTED_SOURCE",1841
"09_VERIFICATION/Test_Cases/TEST-065.md","A","IMPORTED_SOURCE",1904
"09_VERIFICATION/Test_Cases/TEST-066.md","A","IMPORTED_SOURCE",1593
"09_VERIFICATION/Test_Cases/TEST-067.md","A","IMPORTED_SOURCE",1349
"09_VERIFICATION/Test_Cases/TEST-068.md","A","IMPORTED_SOURCE",2062
"09_VERIFICATION/Test_Cases/TEST-069.md","A","IMPORTED_SOURCE",1861
"09_VERIFICATION/Test_Cases/TEST-070.md","A","IMPORTED_SOURCE",927
"09_VERIFICATION/Test_Cases/TEST-071.md","A","IMPORTED_SOURCE",1803
"09_VERIFICATION/Test_Cases/TEST-072.md","A","IMPORTED_SOURCE",2718
"09_VERIFICATION/Test_Cases/TEST-073.md","A","IMPORTED_SOURCE",2701
"09_VERIFICATION/Test_Cases/TEST-074.md","A","IMPORTED_SOURCE",3173
"09_VERIFICATION/Test_Cases/TEST-075.md","A","IMPORTED_SOURCE",2269
"09_VERIFICATION/Test_Cases/TEST-076.md","A","IMPORTED_SOURCE",2272
"10_TRACEABILITY/Matrices/AI_Safety_Integrity.md","A","CANDIDATE",12284
"10_TRACEABILITY/Matrices/Architecture_Integrity.md","A","CANDIDATE",6840
"10_TRACEABILITY/Matrices/SYSREQ_Verification_Coverage.md","A","CANDIDATE",3695
"10_TRACEABILITY/Matrices/SYSTEM_Traceability.md","A","CANDIDATE",1706
"10_TRACEABILITY/Matrices/SYSTEM_Traceability.md.backup.md","D","EXCLUDED_BACKUP_OR_LEGACY",1923
"10_TRACEABILITY/Matrices/Traceability_Matrix.md","A","CANDIDATE",977
"15_CERTIFICATION/Evidence/EVID-001.md","A","CANDIDATE",535
"15_CERTIFICATION/Evidence/EVID-002.md","A","CANDIDATE",543
"15_CERTIFICATION/Evidence/EVID-003.md","A","CANDIDATE",523
"15_CERTIFICATION/Evidence/EVID-004.md","A","CANDIDATE",539
"15_CERTIFICATION/Evidence/EVID-005.md","A","CANDIDATE",541
"15_CERTIFICATION/Evidence/EVID-006.md","A","CANDIDATE",543
"15_CERTIFICATION/Evidence/EVID-007.md","A","CANDIDATE",535
"15_CERTIFICATION/Evidence/EVID-008.md","A","CANDIDATE",525
"15_CERTIFICATION/Evidence/EVID-009.md","A","CANDIDATE",553
"15_CERTIFICATION/Evidence/EVID-010.md","A","CANDIDATE",531
"15_CERTIFICATION/Evidence/EVID-011.md","A","CANDIDATE",543
"15_CERTIFICATION/Evidence/EVID-012.md","A","CANDIDATE",543
"15_CERTIFICATION/Evidence/EVID-013.md","A","CANDIDATE",517
"15_CERTIFICATION/Evidence/EVID-014.md","A","CANDIDATE",539
"15_CERTIFICATION/Evidence/EVID-015.md","A","CANDIDATE",567
"15_CERTIFICATION/Evidence/EVID-016.md","A","CANDIDATE",565
"15_CERTIFICATION/Evidence/EVID-017.md","A","CANDIDATE",573
"15_CERTIFICATION/Evidence/EVID-018.md","A","CANDIDATE",551
"15_CERTIFICATION/Evidence/EVID-019.md","A","CANDIDATE",553
"15_CERTIFICATION/Evidence/EVID-020.md","A","CANDIDATE",549
"15_CERTIFICATION/Evidence/EVID-021.md","A","CANDIDATE",948
"15_CERTIFICATION/Evidence/EVID-022.md","A","CANDIDATE",571
"15_CERTIFICATION/Evidence/EVID-023.md","A","CANDIDATE",414
"15_CERTIFICATION/Evidence/EVID-024.md","A","CANDIDATE",424
"15_CERTIFICATION/Evidence/EVID-025.md","A","CANDIDATE",426
"15_CERTIFICATION/Evidence/EVID-026.md","A","CANDIDATE",416
"15_CERTIFICATION/Evidence/EVID-027.md","A","CANDIDATE",406
"15_CERTIFICATION/Evidence/EVID-028.md","A","CANDIDATE",388
"90_TEMPLATES/00_Common/Document.md","A","CANDIDATE",150
"90_TEMPLATES/01_Normative/Normative_Requirement.md","A","CANDIDATE",211
"90_TEMPLATES/02_System/System_Requirement.md","A","CANDIDATE",206
"90_TEMPLATES/03_Safety/Safety_Requirement.md","A","CANDIDATE",230
"90_TEMPLATES/04_Software/Algorithm.md","A","CANDIDATE",194
"90_TEMPLATES/04_Software/Architecture.md","A","CANDIDATE",174
"90_TEMPLATES/04_Software/Design.md","A","CANDIDATE",180
"90_TEMPLATES/04_Software/Software_Requirement.md","A","CANDIDATE",1879
"90_TEMPLATES/08_Implementation/Module.md","A","CANDIDATE",194
"90_TEMPLATES/09_Verification/Test_Case.md","A","CANDIDATE",246
"90_TEMPLATES/09_Verification/Verification_Result.md","A","CANDIDATE",205
"90_TEMPLATES/11_Anomalies/Anomaly.md","A","CANDIDATE",194
"90_TEMPLATES/12_Configuration/Baseline.md","A","CANDIDATE",166
"90_TEMPLATES/12_Configuration/Change_Request.md","A","CANDIDATE",176
"90_TEMPLATES/15_Certification/Evidence.md","A","CANDIDATE",201
"91_REGISTRIES/Anomalies.md","A","CANDIDATE",176
"91_REGISTRIES/Evidence.md","A","CANDIDATE",203
"91_REGISTRIES/Requirements.md","A","CANDIDATE",568
"91_REGISTRIES/System_Requirements.md","A","CANDIDATE",203
"91_REGISTRIES/Tests.md","A","CANDIDATE",178
"91_REGISTRIES/Verification.md","A","CANDIDATE",205
"BlueSky_Project/BlueSky_Obsidian_from GPT/00_HOME/00_HOMEDashboard.md","B","REVIEW",826
"BlueSky_Project/BlueSky_Obsidian_from GPT/10_TRACEABILITY/Tests/Relationship_Model.md","B","REVIEW",1158
"BlueSky_Project/BlueSky_Obsidian_from GPT/90_TEMPLATES/90_TEMPLATESSW_Requirement.md","B","REVIEW",601
"BlueSky_Project/BlueSky_Obsidian_from GPT/91_REGISTRIES/91_REGISTRIESSoftware_Requirements.md","B","REVIEW",387
"BlueSky_Project/BlueSky_Project from DeepSeek/01_Strategy/CONOPS-001_Concept_of_Operations_v1.0.md","B","REVIEW",5483
"BlueSky_Project/BlueSky_Project from DeepSeek/02_Architecture/BSA-002 System Interaction.md","B","REVIEW",24567
"BlueSky_Project/BlueSky_Project from DeepSeek/02_Architecture/BSA-600_External_Data_Integration_v1.0.md.md","B","REVIEW",13195
"BlueSky_Project/BlueSky_Project from DeepSeek/03_Engines/BSA-101_Navigation_Engine_v1.0.md.md","B","REVIEW",19194
"BlueSky_Project/BlueSky_Project from DeepSeek/docs/UI_Style_Guide_BlueSky.md","B","REVIEW",3402
"BlueSky_Project/BlueSky_Project from DeepSeek/docs/deepseek_markdown_20260806_e63cc3.md","B","REVIEW",67
"Obsidian","B","REVIEW",28
"PACKAGE_MANIFEST.md","B","REVIEW",753
"PROJECT_KNOWLEDGE_IMPORT/00_PROJECT/AVIATION_SYSTEM_DEFINITION.md","F","EXCLUDED_TOOL_OR_GENERATED",9614
"PROJECT_KNOWLEDGE_IMPORT/00_PROJECT/BLUE_SKY_DECISIONS_LOG.md","F","EXCLUDED_TOOL_OR_GENERATED",4462
"PROJECT_KNOWLEDGE_IMPORT/00_PROJECT/BLUE_SKY_DOCUMENT_CONTROL_MAP.md","F","EXCLUDED_TOOL_OR_GENERATED",1659
"PROJECT_KNOWLEDGE_IMPORT/00_PROJECT/BLUE_SKY_PROJECT_STATE.md","F","EXCLUDED_TOOL_OR_GENERATED",17894
"PROJECT_KNOWLEDGE_IMPORT/00_PROJECT/CERTIFICATION_BASIS.md","F","EXCLUDED_TOOL_OR_GENERATED",22814
"PROJECT_KNOWLEDGE_IMPORT/00_PROJECT/CERTIFICATION_DOCUMENTATION_MASTER_PLAN.md","F","EXCLUDED_TOOL_OR_GENERATED",5346
"PROJECT_KNOWLEDGE_IMPORT/00_PROJECT/CERTIFICATION_OBJECT_AND_SCOPE.md","F","EXCLUDED_TOOL_OR_GENERATED",13984
"PROJECT_KNOWLEDGE_IMPORT/00_PROJECT/CERTIFICATION_REQUIREMENTS_BASELINE.md","F","EXCLUDED_TOOL_OR_GENERATED",12712
"PROJECT_KNOWLEDGE_IMPORT/00_PROJECT/CERTIFICATION_STRATEGY.md","F","EXCLUDED_TOOL_OR_GENERATED",10579
"PROJECT_KNOWLEDGE_IMPORT/00_PROJECT/CHANGELOG.md","F","EXCLUDED_TOOL_OR_GENERATED",320
"PROJECT_KNOWLEDGE_IMPORT/00_PROJECT/CHANGE_AND_PROBLEM_PROCESS.md","F","EXCLUDED_TOOL_OR_GENERATED",8235
"PROJECT_KNOWLEDGE_IMPORT/00_PROJECT/COMPLIANCE_MATRIX.md","F","EXCLUDED_TOOL_OR_GENERATED",13743
"PROJECT_KNOWLEDGE_IMPORT/00_PROJECT/CONFIGURATION_A_APPLICABILITY_MATRIX.md","F","EXCLUDED_TOOL_OR_GENERATED",14776
"PROJECT_KNOWLEDGE_IMPORT/00_PROJECT/CONFIGURATION_BASELINE.md","F","EXCLUDED_TOOL_OR_GENERATED",8717
"PROJECT_KNOWLEDGE_IMPORT/00_PROJECT/DECISIONS.md","F","EXCLUDED_TOOL_OR_GENERATED",193
"PROJECT_KNOWLEDGE_IMPORT/00_PROJECT/DOCUMENT_CONTROL_AND_BASELINE_PROCESS.md","F","EXCLUDED_TOOL_OR_GENERATED",16000
"PROJECT_KNOWLEDGE_IMPORT/00_PROJECT/HAZARD_LOG.md","F","EXCLUDED_TOOL_OR_GENERATED",9234
"PROJECT_KNOWLEDGE_IMPORT/00_PROJECT/INTERFACE_CONTROL_DOCUMENT.md","F","EXCLUDED_TOOL_OR_GENERATED",10489
"PROJECT_KNOWLEDGE_IMPORT/00_PROJECT/MASTER_DOCUMENT_INDEX.md","F","EXCLUDED_TOOL_OR_GENERATED",6679
"PROJECT_KNOWLEDGE_IMPORT/00_PROJECT/MASTER_REQUIREMENTS_REGISTER.md","F","EXCLUDED_TOOL_OR_GENERATED",11621
"PROJECT_KNOWLEDGE_IMPORT/00_PROJECT/NAVIGATION_ALGORITHM.md","F","EXCLUDED_TOOL_OR_GENERATED",9497
"PROJECT_KNOWLEDGE_IMPORT/00_PROJECT/NAVIGATION_KNOWLEDGE_REVIEW_001.md","F","EXCLUDED_TOOL_OR_GENERATED",10534
"PROJECT_KNOWLEDGE_IMPORT/00_PROJECT/NAVIGATION_RULES.md","F","EXCLUDED_TOOL_OR_GENERATED",12784
"PROJECT_KNOWLEDGE_IMPORT/00_PROJECT/NAVIGATION_STATE_MODEL.md","F","EXCLUDED_TOOL_OR_GENERATED",7019
"PROJECT_KNOWLEDGE_IMPORT/00_PROJECT/NAVIGATION_VERIFICATION_MODEL.md","F","EXCLUDED_TOOL_OR_GENERATED",10227
"PROJECT_KNOWLEDGE_IMPORT/00_PROJECT/Navigation_Knowledge_Map.md","F","EXCLUDED_TOOL_OR_GENERATED",17958
"PROJECT_KNOWLEDGE_IMPORT/00_PROJECT/PROJECT_KNOWLEDGE_BASE.md","F","EXCLUDED_TOOL_OR_GENERATED",2050
"PROJECT_KNOWLEDGE_IMPORT/00_PROJECT/PROJECT_RULES.md","F","EXCLUDED_TOOL_OR_GENERATED",10005
"PROJECT_KNOWLEDGE_IMPORT/00_PROJECT/REGULATORY_KNOWLEDGE_BASE.md","F","EXCLUDED_TOOL_OR_GENERATED",11272
"PROJECT_KNOWLEDGE_IMPORT/00_PROJECT/REGULATORY_SOURCE_REGISTER.md","F","EXCLUDED_TOOL_OR_GENERATED",31759
"PROJECT_KNOWLEDGE_IMPORT/00_PROJECT/REQUIREMENTS_CONSOLIDATION_REPORT.md","F","EXCLUDED_TOOL_OR_GENERATED",13847
"PROJECT_KNOWLEDGE_IMPORT/00_PROJECT/REQUIREMENTS_INVENTORY.md","F","EXCLUDED_TOOL_OR_GENERATED",10323
"PROJECT_KNOWLEDGE_IMPORT/00_PROJECT/REQUIREMENTS_TRACEABILITY_MATRIX.md","F","EXCLUDED_TOOL_OR_GENERATED",12128
"PROJECT_KNOWLEDGE_IMPORT/00_PROJECT/SAFETY_CASE.md","F","EXCLUDED_TOOL_OR_GENERATED",9855
"PROJECT_KNOWLEDGE_IMPORT/00_PROJECT/SAFETY_REQUIREMENTS_BASELINE.md","F","EXCLUDED_TOOL_OR_GENERATED",9763
"PROJECT_KNOWLEDGE_IMPORT/00_PROJECT/SOURCE_INDEX.md","F","EXCLUDED_TOOL_OR_GENERATED",15756
"PROJECT_KNOWLEDGE_IMPORT/00_PROJECT/SYSTEM_ARCHITECTURE_BASELINE.md","F","EXCLUDED_TOOL_OR_GENERATED",12462
"PROJECT_KNOWLEDGE_IMPORT/00_PROJECT/SYSTEM_DESIGN_DESCRIPTION.md","F","EXCLUDED_TOOL_OR_GENERATED",11320
"PROJECT_KNOWLEDGE_IMPORT/00_PROJECT/SYSTEM_REQUIREMENTS_SPECIFICATION.md","F","EXCLUDED_TOOL_OR_GENERATED",11698
"PROJECT_KNOWLEDGE_IMPORT/00_PROJECT/TERMINOLOGY.md","F","EXCLUDED_TOOL_OR_GENERATED",252
"PROJECT_KNOWLEDGE_IMPORT/00_PROJECT/VERIFICATION_EVIDENCE_INDEX.md","F","EXCLUDED_TOOL_OR_GENERATED",7737
"PROJECT_KNOWLEDGE_IMPORT/00_PROJECT/VERIFICATION_PLAN.md","F","EXCLUDED_TOOL_OR_GENERATED",11169
"PROJECT_KNOWLEDGE_IMPORT/00_PROJECT/Самолетовождение_Черный_Кораблин_1973_KNOWLEDGE_BASE.md","F","EXCLUDED_TOOL_OR_GENERATED",17523
"PROJECT_KNOWLEDGE_IMPORT/PACKAGE_MANIFEST.md","F","EXCLUDED_TOOL_OR_GENERATED",756
"PROJECT_KNOWLEDGE_IMPORT/README.md","F","EXCLUDED_TOOL_OR_GENERATED",669
"README.md","B","REVIEW",2855
"TRACEABILITY/PRACTICAL_FLIGHT_PLANNING_REQUIREMENTS_RECONCILIATION_001.md","A","CANDIDATE",8087
"TRACEABILITY/PRACTICAL_KML_IMPORT_RECOMMENDATION_001.md","A","CANDIDATE",1535
"TRACEABILITY/REPOSITORY_DOCUMENTATION_AUDIT_REPORT_003.md","A","CANDIDATE",7401
"TRACEABILITY/REPOSITORY_DOCUMENTATION_AUDIT_REPORT_004.md","A","CANDIDATE",4963
"TRACEABILITY/REPOSITORY_INTEGRITY_AUDIT_REPORT_002.md","A","CANDIDATE",12252
"TRACEABILITY/REPOSITORY_REQUIREMENTS_AUDIT_REPORT_001.md","A","CANDIDATE",16899
"USER.md","B","REVIEW",790
"_LEGACY/09_VERIFICATION/Test_Cases/TEST-001.md","D","EXCLUDED_BACKUP_OR_LEGACY",643
"_LEGACY/09_VERIFICATION/Test_Cases/TEST-002.md","D","EXCLUDED_BACKUP_OR_LEGACY",651
"_LEGACY/09_VERIFICATION/Test_Cases/TEST-003.md","D","EXCLUDED_BACKUP_OR_LEGACY",631
"_LEGACY/09_VERIFICATION/Test_Cases/TEST-004.md","D","EXCLUDED_BACKUP_OR_LEGACY",647
"_LEGACY/09_VERIFICATION/Test_Cases/TEST-005.md","D","EXCLUDED_BACKUP_OR_LEGACY",649
"_LEGACY/09_VERIFICATION/Test_Cases/TEST-006.md","D","EXCLUDED_BACKUP_OR_LEGACY",651
"_LEGACY/09_VERIFICATION/Test_Cases/TEST-007.md","D","EXCLUDED_BACKUP_OR_LEGACY",643
"_LEGACY/09_VERIFICATION/Test_Cases/TEST-008.md","D","EXCLUDED_BACKUP_OR_LEGACY",633
"_LEGACY/09_VERIFICATION/Test_Cases/TEST-009.md","D","EXCLUDED_BACKUP_OR_LEGACY",661
"_LEGACY/09_VERIFICATION/Test_Cases/TEST-010.md","D","EXCLUDED_BACKUP_OR_LEGACY",639
"_LEGACY/09_VERIFICATION/Test_Cases/TEST-011.md","D","EXCLUDED_BACKUP_OR_LEGACY",651
"_LEGACY/09_VERIFICATION/Test_Cases/TEST-012.md","D","EXCLUDED_BACKUP_OR_LEGACY",677
"_LEGACY/09_VERIFICATION/Test_Cases/TEST-013.md","D","EXCLUDED_BACKUP_OR_LEGACY",625
"_LEGACY/09_VERIFICATION/Test_Cases/TEST-014.md","D","EXCLUDED_BACKUP_OR_LEGACY",647
"_LEGACY/09_VERIFICATION/Test_Cases/TEST-015.md","D","EXCLUDED_BACKUP_OR_LEGACY",675
"_LEGACY/09_VERIFICATION/Test_Cases/TEST-016.md","D","EXCLUDED_BACKUP_OR_LEGACY",673
"_LEGACY/09_VERIFICATION/Test_Cases/TEST-017.md","D","EXCLUDED_BACKUP_OR_LEGACY",649
"_LEGACY/09_VERIFICATION/Test_Cases/TEST-018.md","D","EXCLUDED_BACKUP_OR_LEGACY",627
"_LEGACY/09_VERIFICATION/Test_Cases/TEST-019.md","D","EXCLUDED_BACKUP_OR_LEGACY",629
"_LEGACY/09_VERIFICATION/Test_Cases/TEST-020.md","D","EXCLUDED_BACKUP_OR_LEGACY",625
"_SOURCE_ARCHIVE/BlueSky_All_Markdown.md","E","EXCLUDED_ARCHIVE",4171302
"qt/BlueSkyPRO-HMI/BlueSkyPRO-DesignStudio.qmlproject","G","CODE_REVIEW_REQUIRED",324
"qt/BlueSkyPRO-HMI/BlueSkyPRO-HMI.qmlproject","G","CODE_REVIEW_REQUIRED",315
"qt/BlueSkyPRO-HMI/BlueSkyPRO-HMI.qmlproject.qtds","G","CODE_REVIEW_REQUIRED",11561
"qt/BlueSkyPRO-HMI/BlueSkyPRO-HMI.qrc","G","CODE_REVIEW_REQUIRED",1014
"qt/BlueSkyPRO-HMI/BlueSkyPRO-Interface-Preview.qmlproject","G","CODE_REVIEW_REQUIRED",332
"qt/BlueSkyPRO-HMI/BlueSkyPRO-LeftPanel-DesignStudio.qmlproject","G","CODE_REVIEW_REQUIRED",279
"qt/BlueSkyPRO-HMI/CMakeLists.txt","B","REVIEW",1123
"qt/BlueSkyPRO-HMI/README.md","B","REVIEW",1262
"qt/BlueSkyPRO-HMI/qml/App.qml","G","CODE_REVIEW_REQUIRED",272
"qt/BlueSkyPRO-HMI/qml/BlueSkyPRO-Interface-Preview.ui.qml","G","CODE_REVIEW_REQUIRED",12026
"qt/BlueSkyPRO-HMI/qml/BottomToolbar.Design.ui.qml","G","CODE_REVIEW_REQUIRED",4633
"qt/BlueSkyPRO-HMI/qml/BottomToolbar.qml","G","CODE_REVIEW_REQUIRED",21982
"qt/BlueSkyPRO-HMI/qml/BottomToolbar.ui.qml","G","CODE_REVIEW_REQUIRED",7073
"qt/BlueSkyPRO-HMI/qml/ContextOverlay.ui.qml","G","CODE_REVIEW_REQUIRED",2037
"qt/BlueSkyPRO-HMI/qml/FlightChart.ui.qml","G","CODE_REVIEW_REQUIRED",3992
"qt/BlueSkyPRO-HMI/qml/HeaderSector.ui.qml","G","CODE_REVIEW_REQUIRED",1072
"qt/BlueSkyPRO-HMI/qml/JournalStatus.ui.qml","G","CODE_REVIEW_REQUIRED",808
"qt/BlueSkyPRO-HMI/qml/LeftPanel.Design.ui.qml","G","CODE_REVIEW_REQUIRED",11773
"qt/BlueSkyPRO-HMI/qml/LeftPanel.qml","G","CODE_REVIEW_REQUIRED",19102
"qt/BlueSkyPRO-HMI/qml/Main.qml","G","CODE_REVIEW_REQUIRED",125
"qt/BlueSkyPRO-HMI/qml/MainContent.ui.qml","G","CODE_REVIEW_REQUIRED",8416
"qt/BlueSkyPRO-HMI/qml/PanelSettingsButton.ui.qml","G","CODE_REVIEW_REQUIRED",465
"qt/BlueSkyPRO-HMI/qml/PanelSettingsPopup.qml","G","CODE_REVIEW_REQUIRED",2317
"qt/BlueSkyPRO-HMI/qml/RightPanel.ui.qml","G","CODE_REVIEW_REQUIRED",7844
"qt/BlueSkyPRO-HMI/qml/Theme.qml","G","CODE_REVIEW_REQUIRED",634
"qt/BlueSkyPRO-HMI/qml/ToolContext.ui.qml","G","CODE_REVIEW_REQUIRED",4364
"qt/BlueSkyPRO-HMI/qml/TopHeader.ui.qml","G","CODE_REVIEW_REQUIRED",13355
"qt/BlueSkyPRO-HMI/qml/UAVFleetPanel.qml","G","CODE_REVIEW_REQUIRED",13163
"qt/BlueSkyPRO-HMI/qml/UAVFleetPanelForm.ui.qml","G","CODE_REVIEW_REQUIRED",20708
"qt/BlueSkyPRO-HMI/qml/UAVStatus.ui.qml","G","CODE_REVIEW_REQUIRED",2834
"qt/BlueSkyPRO-HMI/qml/icons8-menu-24.svg","G","CODE_REVIEW_REQUIRED",206
"qt/BlueSkyPRO-HMI/qml/qmldir","B","REVIEW",49
"qt/BlueSkyPRO-HMI/src/main.cpp","G","CODE_REVIEW_REQUIRED",493
"tools/install_backup_mirror.ps1","F","EXCLUDED_TOOL_OR_GENERATED",1426
"tools/install_obsidian_mirror.ps1","F","EXCLUDED_TOOL_OR_GENERATED",1154
"tools/mirror_to_backup.ps1","F","EXCLUDED_TOOL_OR_GENERATED",1135
"tools/mirror_to_obsidian.ps1","F","EXCLUDED_TOOL_OR_GENERATED",1209
"tools/verify_backup_mirror.ps1","F","EXCLUDED_TOOL_OR_GENERATED",732
"Скрины/Логотип/Логотип векторный текст. Svg.md","F","EXCLUDED_TOOL_OR_GENERATED",6974
"Скрины/Требования/BlueSky_Project_Formalization/02_Architecture/BS-ARCH-Client-Intent-and-Lego-Mission_v1.0.md","F","EXCLUDED_TOOL_OR_GENERATED",1385
"Скрины/Требования/BlueSky_Project_Formalization/02_Architecture/BS-ARCH-FlightPlan-REJ_v1.0.md","F","EXCLUDED_TOOL_OR_GENERATED",2883
"Скрины/Требования/BlueSky_Project_Formalization/02_Architecture/BS-ARCH-Map-and-Operational-Layer_v1.0.md","F","EXCLUDED_TOOL_OR_GENERATED",4482
"Скрины/Требования/BlueSky_Project_Formalization/02_Architecture/BS-ARCH-Mission-Economics-Knowledge-Simulation_v1.0.md","F","EXCLUDED_TOOL_OR_GENERATED",2770
"Скрины/Требования/BlueSky_Project_Formalization/06_Requirements/BlueSky_New_Requirements_v1.0.md","F","EXCLUDED_TOOL_OR_GENERATED",9835
"Скрины/Требования/BlueSky_Project_Formalization/09_Changelog/2026-08-26_New_Concept_Formalization.md","F","EXCLUDED_TOOL_OR_GENERATED",2019
"Скрины/Требования/BlueSky_Project_Formalization/INDEX.md","F","EXCLUDED_TOOL_OR_GENERATED",685